-- phpMyAdmin SQL Dump
-- version 4.8.0
-- https://www.phpmyadmin.net/
--
-- 主機: 127.0.0.1
-- 產生時間： 2019 年 01 月 31 日 17:23
-- 伺服器版本: 10.1.31-MariaDB
-- PHP 版本： 7.2.4

SET SQL_MODE = "NO_AUTO_VALUE_ON_ZERO";
SET AUTOCOMMIT = 0;
START TRANSACTION;
SET time_zone = "+00:00";


/*!40101 SET @OLD_CHARACTER_SET_CLIENT=@@CHARACTER_SET_CLIENT */;
/*!40101 SET @OLD_CHARACTER_SET_RESULTS=@@CHARACTER_SET_RESULTS */;
/*!40101 SET @OLD_COLLATION_CONNECTION=@@COLLATION_CONNECTION */;
/*!40101 SET NAMES utf8mb4 */;

--
-- 資料庫： `myweb`
--

-- --------------------------------------------------------

--
-- 資料表結構 `ex_area`
--

CREATE TABLE `ex_area` (
  `id` int(10) UNSIGNED NOT NULL,
  `zip_code` int(10) UNSIGNED NOT NULL DEFAULT '0',
  `name` char(20) CHARACTER SET utf8 COLLATE utf8_unicode_ci NOT NULL,
  `city_id` int(10) UNSIGNED NOT NULL DEFAULT '0',
  `sort` int(11) UNSIGNED NOT NULL DEFAULT '0' COMMENT '排序',
  `disable` tinyint(1) UNSIGNED NOT NULL COMMENT '顯示(0:顯示;1:不顯示)'
) ENGINE=MyISAM DEFAULT CHARSET=utf8 COMMENT='縣市';

--
-- 資料表的匯出資料 `ex_area`
--

INSERT INTO `ex_area` (`id`, `zip_code`, `name`, `city_id`, `sort`, `disable`) VALUES
(1, 0, '臺北市', 0, 0, 0),
(2, 100, '中正區', 1, 0, 0),
(3, 103, '大同區', 1, 0, 0),
(4, 104, '中山區', 1, 0, 0),
(5, 105, '松山區', 1, 0, 0),
(6, 106, '大安區', 1, 0, 0),
(7, 108, '萬華區', 1, 0, 0),
(8, 110, '信義區', 1, 0, 0),
(9, 111, '士林區', 1, 0, 0),
(10, 112, '北投區', 1, 0, 0),
(11, 114, '內湖區', 1, 0, 0),
(12, 115, '南港區', 1, 0, 0),
(13, 116, '文山區', 1, 0, 0),
(14, 0, '基隆市', 0, 0, 0),
(15, 200, '仁愛區', 14, 0, 0),
(16, 201, '信義區', 14, 0, 0),
(17, 202, '中正區', 14, 0, 0),
(18, 203, '中山區', 14, 0, 0),
(19, 204, '安樂區', 14, 0, 0),
(20, 205, '暖暖區', 14, 0, 0),
(21, 206, '七堵區', 14, 0, 0),
(22, 0, '新北市', 0, 0, 0),
(23, 207, '萬里區', 22, 0, 0),
(24, 208, '金山區', 22, 0, 0),
(25, 0, '福建省連江縣', 0, 0, 1),
(26, 209, '南竿鄉', 25, 0, 0),
(27, 210, '北竿鄉', 25, 0, 0),
(28, 211, '莒光鄉', 25, 0, 0),
(29, 212, '東引鄉', 25, 0, 0),
(30, 220, '板橋區', 22, 0, 0),
(31, 221, '汐止區', 22, 0, 0),
(32, 222, '深坑區', 22, 0, 0),
(33, 223, '石碇區', 22, 0, 0),
(34, 224, '瑞芳區', 22, 0, 0),
(35, 226, '平溪區', 22, 0, 0),
(36, 227, '雙溪區', 22, 0, 0),
(37, 228, '貢寮區', 22, 0, 0),
(38, 231, '新店區', 22, 0, 0),
(39, 232, '坪林區', 22, 0, 0),
(40, 233, '烏來區', 22, 0, 0),
(41, 234, '永和區', 22, 0, 0),
(42, 235, '中和區', 22, 0, 0),
(43, 236, '土城區', 22, 0, 0),
(44, 237, '三峽區', 22, 0, 0),
(45, 238, '樹林區', 22, 0, 0),
(46, 239, '鶯歌區', 22, 0, 0),
(47, 241, '三重區', 22, 0, 0),
(48, 242, '新莊區', 22, 0, 0),
(49, 243, '泰山區', 22, 0, 0),
(50, 244, '林口區', 22, 0, 0),
(51, 247, '蘆洲區', 22, 0, 0),
(52, 248, '五股區', 22, 0, 0),
(53, 249, '八里區', 22, 0, 0),
(54, 251, '淡水區', 22, 0, 0),
(55, 252, '三芝區', 22, 0, 0),
(56, 253, '石門區', 22, 0, 0),
(57, 0, '宜蘭縣', 0, 0, 0),
(58, 260, '宜蘭市', 57, 0, 0),
(59, 260, '壯圍鄉', 57, 0, 0),
(60, 261, '頭城鎮', 57, 0, 0),
(61, 262, '礁溪鄉', 57, 0, 0),
(62, 264, '員山鄉', 57, 0, 0),
(63, 265, '羅東鎮', 57, 0, 0),
(64, 266, '三星鄉', 57, 0, 0),
(65, 267, '大同鄉', 57, 0, 0),
(66, 268, '五結鄉', 57, 0, 0),
(67, 269, '冬山鄉', 57, 0, 0),
(68, 270, '蘇澳鎮', 57, 0, 0),
(69, 272, '南澳鄉', 57, 0, 0),
(70, 290, '釣魚臺', 57, 0, 0),
(71, 290, '釣魚臺', 70, 0, 0),
(72, 0, '新竹市', 0, 0, 0),
(73, 300, '東區', 72, 0, 0),
(74, 300, '北區', 72, 0, 0),
(75, 300, '香山區', 72, 0, 0),
(76, 0, '新竹縣', 0, 0, 0),
(77, 300, '寶山鄉', 76, 0, 0),
(78, 302, '竹北市', 76, 0, 0),
(79, 303, '湖口鄉', 76, 0, 0),
(80, 304, '新豐鄉', 76, 0, 0),
(81, 305, '新埔鎮', 76, 0, 0),
(82, 306, '關西鎮', 76, 0, 0),
(83, 307, '芎林鄉', 76, 0, 0),
(84, 310, '竹東鎮', 76, 0, 0),
(85, 311, '五峰鄉', 76, 0, 0),
(86, 312, '橫山鄉', 76, 0, 0),
(87, 313, '尖石鄉', 76, 0, 0),
(88, 314, '北埔鄉', 76, 0, 0),
(89, 315, '峨眉鄉', 76, 0, 0),
(90, 0, '桃園市', 0, 0, 0),
(91, 320, '中壢區', 90, 0, 0),
(92, 324, '平鎮區', 90, 0, 0),
(93, 325, '龍潭區', 90, 0, 0),
(94, 326, '楊梅區', 90, 0, 0),
(95, 327, '新屋區', 90, 0, 0),
(96, 328, '觀音區', 90, 0, 0),
(97, 330, '桃園區', 90, 0, 0),
(98, 333, '龜山區', 90, 0, 0),
(99, 334, '八德區', 90, 0, 0),
(100, 335, '大溪區', 90, 0, 0),
(101, 336, '復興區', 90, 0, 0),
(102, 337, '大園區', 90, 0, 0),
(103, 338, '蘆竹區', 90, 0, 0),
(104, 0, '苗栗縣', 0, 0, 0),
(105, 350, '竹南鎮', 104, 0, 0),
(106, 351, '頭份市', 104, 0, 0),
(107, 352, '三灣鄉', 104, 0, 0),
(108, 353, '南庄鄉', 104, 0, 0),
(109, 354, '獅潭鄉', 104, 0, 0),
(110, 356, '後龍鎮', 104, 0, 0),
(111, 357, '通霄鎮', 104, 0, 0),
(112, 358, '苑裡鎮', 104, 0, 0),
(113, 360, '苗栗市', 104, 0, 0),
(114, 361, '造橋鄉', 104, 0, 0),
(115, 362, '頭屋鄉', 104, 0, 0),
(116, 363, '公館鄉', 104, 0, 0),
(117, 364, '大湖鄉', 104, 0, 0),
(118, 365, '泰安鄉', 104, 0, 0),
(119, 366, '銅鑼鄉', 104, 0, 0),
(120, 367, '三義鄉', 104, 0, 0),
(121, 368, '西湖鄉', 104, 0, 0),
(122, 369, '卓蘭鎮', 104, 0, 0),
(123, 0, '臺中市', 0, 0, 0),
(124, 400, '中區', 123, 0, 0),
(125, 401, '東區', 123, 0, 0),
(126, 402, '南區', 123, 0, 0),
(127, 403, '西區', 123, 0, 0),
(128, 404, '北區', 123, 0, 0),
(129, 406, '北屯區', 123, 0, 0),
(130, 407, '西屯區', 123, 0, 0),
(131, 408, '南屯區', 123, 0, 0),
(132, 411, '太平區', 123, 0, 0),
(133, 412, '大里區', 123, 0, 0),
(134, 413, '霧峰區', 123, 0, 0),
(135, 414, '烏日區', 123, 0, 0),
(136, 420, '豐原區', 123, 0, 0),
(137, 421, '后里區', 123, 0, 0),
(138, 422, '石岡區', 123, 0, 0),
(139, 423, '東勢區', 123, 0, 0),
(140, 424, '和平區', 123, 0, 0),
(141, 426, '新社區', 123, 0, 0),
(142, 427, '潭子區', 123, 0, 0),
(143, 428, '大雅區', 123, 0, 0),
(144, 429, '神岡區', 123, 0, 0),
(145, 432, '大肚區', 123, 0, 0),
(146, 433, '沙鹿區', 123, 0, 0),
(147, 434, '龍井區', 123, 0, 0),
(148, 435, '梧棲區', 123, 0, 0),
(149, 436, '清水區', 123, 0, 0),
(150, 437, '大甲區', 123, 0, 0),
(151, 438, '外埔區', 123, 0, 0),
(152, 439, '大安區', 123, 0, 0),
(153, 0, '彰化縣', 0, 0, 0),
(154, 500, '彰化市', 153, 0, 0),
(155, 502, '芬園鄉', 153, 0, 0),
(156, 503, '花壇鄉', 153, 0, 0),
(157, 504, '秀水鄉', 153, 0, 0),
(158, 505, '鹿港鎮', 153, 0, 0),
(159, 506, '福興鄉', 153, 0, 0),
(160, 507, '線西鄉', 153, 0, 0),
(161, 508, '和美鎮', 153, 0, 0),
(162, 509, '伸港鄉', 153, 0, 0),
(163, 510, '員林市', 153, 0, 0),
(164, 511, '社頭鄉', 153, 0, 0),
(165, 512, '永靖鄉', 153, 0, 0),
(166, 513, '埔心鄉', 153, 0, 0),
(167, 514, '溪湖鎮', 153, 0, 0),
(168, 515, '大村鄉', 153, 0, 0),
(169, 516, '埔鹽鄉', 153, 0, 0),
(170, 520, '田中鎮', 153, 0, 0),
(171, 521, '北斗鎮', 153, 0, 0),
(172, 522, '田尾鄉', 153, 0, 0),
(173, 523, '埤頭鄉', 153, 0, 0),
(174, 524, '溪州鄉', 153, 0, 0),
(175, 525, '竹塘鄉', 153, 0, 0),
(176, 526, '二林鎮', 153, 0, 0),
(177, 527, '大城鄉', 153, 0, 0),
(178, 528, '芳苑鄉', 153, 0, 0),
(179, 530, '二水鄉', 153, 0, 0),
(180, 0, '南投縣', 0, 0, 0),
(181, 540, '南投市', 180, 0, 0),
(182, 541, '中寮鄉', 180, 0, 0),
(183, 542, '草屯鎮', 180, 0, 0),
(184, 544, '國姓鄉', 180, 0, 0),
(185, 545, '埔里鎮', 180, 0, 0),
(186, 546, '仁愛鄉', 180, 0, 0),
(187, 551, '名間鄉', 180, 0, 0),
(188, 552, '集集鎮', 180, 0, 0),
(189, 553, '水里鄉', 180, 0, 0),
(190, 555, '魚池鄉', 180, 0, 0),
(191, 556, '信義鄉', 180, 0, 0),
(192, 557, '竹山鎮', 180, 0, 0),
(193, 558, '鹿谷鄉', 180, 0, 0),
(194, 0, '嘉義市', 0, 0, 0),
(195, 600, '西區', 194, 0, 0),
(196, 600, '東區', 194, 0, 0),
(197, 0, '嘉義縣', 0, 0, 0),
(198, 602, '番路鄉', 197, 0, 0),
(199, 603, '梅山鄉', 197, 0, 0),
(200, 604, '竹崎鄉', 197, 0, 0),
(201, 605, '阿里山鄉', 197, 0, 0),
(202, 606, '中埔鄉', 197, 0, 0),
(203, 607, '大埔鄉', 197, 0, 0),
(204, 608, '水上鄉', 197, 0, 0),
(205, 611, '鹿草鄉', 197, 0, 0),
(206, 612, '太保市', 197, 0, 0),
(207, 613, '朴子市', 197, 0, 0),
(208, 614, '東石鄉', 197, 0, 0),
(209, 615, '六腳鄉', 197, 0, 0),
(210, 616, '新港鄉', 197, 0, 0),
(211, 621, '民雄鄉', 197, 0, 0),
(212, 622, '大林鎮', 197, 0, 0),
(213, 623, '溪口鄉', 197, 0, 0),
(214, 624, '義竹鄉', 197, 0, 0),
(215, 625, '布袋鎮', 197, 0, 0),
(216, 0, '雲林縣', 0, 0, 0),
(217, 630, '斗南鎮', 216, 0, 0),
(218, 631, '大埤鄉', 216, 0, 0),
(219, 632, '虎尾鎮', 216, 0, 0),
(220, 633, '土庫鎮', 216, 0, 0),
(221, 634, '褒忠鄉', 216, 0, 0),
(222, 635, '東勢鄉', 216, 0, 0),
(223, 636, '臺西鄉', 216, 0, 0),
(224, 637, '崙背鄉', 216, 0, 0),
(225, 638, '麥寮鄉', 216, 0, 0),
(226, 640, '斗六市', 216, 0, 0),
(227, 643, '林內鄉', 216, 0, 0),
(228, 646, '古坑鄉', 216, 0, 0),
(229, 647, '莿桐鄉', 216, 0, 0),
(230, 648, '西螺鎮', 216, 0, 0),
(231, 649, '二崙鄉', 216, 0, 0),
(232, 651, '北港鎮', 216, 0, 0),
(233, 652, '水林鄉', 216, 0, 0),
(234, 653, '口湖鄉', 216, 0, 0),
(235, 654, '四湖鄉', 216, 0, 0),
(236, 655, '元長鄉', 216, 0, 0),
(237, 0, '臺南市', 0, 0, 0),
(238, 700, '中西區', 237, 0, 0),
(239, 701, '東區', 237, 0, 0),
(240, 702, '南區', 237, 0, 0),
(241, 704, '北區', 237, 0, 0),
(242, 708, '安平區', 237, 0, 0),
(243, 709, '安南區', 237, 0, 0),
(244, 710, '永康區', 237, 0, 0),
(245, 711, '歸仁區', 237, 0, 0),
(246, 712, '新化區', 237, 0, 0),
(247, 713, '左鎮區', 237, 0, 0),
(248, 714, '玉井區', 237, 0, 0),
(249, 715, '楠西區', 237, 0, 0),
(250, 716, '南化區', 237, 0, 0),
(251, 717, '仁德區', 237, 0, 0),
(252, 718, '關廟區', 237, 0, 0),
(253, 719, '龍崎區', 237, 0, 0),
(254, 720, '官田區', 237, 0, 0),
(255, 721, '麻豆區', 237, 0, 0),
(256, 722, '佳里區', 237, 0, 0),
(257, 723, '西港區', 237, 0, 0),
(258, 724, '七股區', 237, 0, 0),
(259, 725, '將軍區', 237, 0, 0),
(260, 726, '學甲區', 237, 0, 0),
(261, 727, '北門區', 237, 0, 0),
(262, 730, '新營區', 237, 0, 0),
(263, 731, '後壁區', 237, 0, 0),
(264, 732, '白河區', 237, 0, 0),
(265, 733, '東山區', 237, 0, 0),
(266, 734, '六甲區', 237, 0, 0),
(267, 735, '下營區', 237, 0, 0),
(268, 736, '柳營區', 237, 0, 0),
(269, 737, '鹽水區', 237, 0, 0),
(270, 741, '善化區', 237, 0, 0),
(271, 741, '新市區', 237, 0, 0),
(272, 742, '大內區', 237, 0, 0),
(273, 743, '山上區', 237, 0, 0),
(274, 745, '安定區', 237, 0, 0),
(275, 0, '高雄市', 0, 0, 0),
(276, 800, '新興區', 275, 0, 0),
(277, 801, '前金區', 275, 0, 0),
(278, 802, '苓雅區', 275, 0, 0),
(279, 803, '鹽埕區', 275, 0, 0),
(280, 804, '鼓山區', 275, 0, 0),
(281, 805, '旗津區', 275, 0, 0),
(282, 806, '前鎮區', 275, 0, 0),
(283, 807, '三民區', 275, 0, 0),
(284, 811, '楠梓區', 275, 0, 0),
(285, 812, '小港區', 275, 0, 0),
(286, 813, '左營區', 275, 0, 0),
(287, 814, '仁武區', 275, 0, 0),
(288, 815, '大社區', 275, 0, 0),
(289, 817, '東沙群島', 275, 0, 0),
(290, 0, '南海島', 0, 0, 1),
(291, 817, '東沙群島', 290, 0, 0),
(292, 819, '南沙群島', 275, 0, 0),
(293, 819, '南沙群島', 290, 0, 0),
(294, 820, '岡山區', 275, 0, 0),
(295, 821, '路竹區', 275, 0, 0),
(296, 822, '阿蓮區', 275, 0, 0),
(297, 823, '田寮區', 275, 0, 0),
(298, 824, '燕巢區', 275, 0, 0),
(299, 825, '橋頭區', 275, 0, 0),
(300, 826, '梓官區', 275, 0, 0),
(301, 827, '彌陀區', 275, 0, 0),
(302, 828, '永安區', 275, 0, 0),
(303, 829, '湖內區', 275, 0, 0),
(304, 830, '鳳山區', 275, 0, 0),
(305, 831, '大寮區', 275, 0, 0),
(306, 832, '林園區', 275, 0, 0),
(307, 833, '鳥松區', 275, 0, 0),
(308, 840, '大樹區', 275, 0, 0),
(309, 842, '旗山區', 275, 0, 0),
(310, 843, '美濃區', 275, 0, 0),
(311, 844, '六龜區', 275, 0, 0),
(312, 845, '內門區', 275, 0, 0),
(313, 846, '杉林區', 275, 0, 0),
(314, 847, '甲仙區', 275, 0, 0),
(315, 848, '桃源區', 275, 0, 0),
(316, 849, '那瑪夏區', 275, 0, 0),
(317, 851, '茂林區', 275, 0, 0),
(318, 852, '茄萣區', 275, 0, 0),
(319, 0, '澎湖縣', 0, 0, 0),
(320, 880, '馬公市', 319, 0, 0),
(321, 881, '西嶼鄉', 319, 0, 0),
(322, 882, '望安鄉', 319, 0, 0),
(323, 883, '七美鄉', 319, 0, 0),
(324, 884, '白沙鄉', 319, 0, 0),
(325, 885, '湖西鄉', 319, 0, 0),
(326, 0, '金門縣', 0, 0, 0),
(327, 890, '金沙鎮', 326, 0, 0),
(328, 891, '金湖鎮', 326, 0, 0),
(329, 892, '金寧鄉', 326, 0, 0),
(330, 893, '金城鎮', 326, 0, 0),
(331, 894, '烈嶼鄉', 326, 0, 0),
(332, 896, '烏坵鄉', 326, 0, 0),
(333, 0, '屏東縣', 0, 0, 0),
(334, 900, '屏東市', 333, 0, 0),
(335, 901, '三地門鄉', 333, 0, 0),
(336, 902, '霧臺鄉', 333, 0, 0),
(337, 903, '瑪家鄉', 333, 0, 0),
(338, 904, '九如鄉', 333, 0, 0),
(339, 905, '里港鄉', 333, 0, 0),
(340, 906, '高樹鄉', 333, 0, 0),
(341, 907, '鹽埔鄉', 333, 0, 0),
(342, 908, '長治鄉', 333, 0, 0),
(343, 909, '麟洛鄉', 333, 0, 0),
(344, 911, '竹田鄉', 333, 0, 0),
(345, 912, '內埔鄉', 333, 0, 0),
(346, 913, '萬丹鄉', 333, 0, 0),
(347, 920, '潮州鎮', 333, 0, 0),
(348, 921, '泰武鄉', 333, 0, 0),
(349, 922, '來義鄉', 333, 0, 0),
(350, 923, '萬巒鄉', 333, 0, 0),
(351, 924, '崁頂鄉', 333, 0, 0),
(352, 925, '新埤鄉', 333, 0, 0),
(353, 926, '南州鄉', 333, 0, 0),
(354, 927, '林邊鄉', 333, 0, 0),
(355, 928, '東港鎮', 333, 0, 0),
(356, 929, '琉球鄉', 333, 0, 0),
(357, 931, '佳冬鄉', 333, 0, 0),
(358, 932, '新園鄉', 333, 0, 0),
(359, 940, '枋寮鄉', 333, 0, 0),
(360, 941, '枋山鄉', 333, 0, 0),
(361, 942, '春日鄉', 333, 0, 0),
(362, 943, '獅子鄉', 333, 0, 0),
(363, 944, '車城鄉', 333, 0, 0),
(364, 945, '牡丹鄉', 333, 0, 0),
(365, 946, '恆春鎮', 333, 0, 0),
(366, 947, '滿州鄉', 333, 0, 0),
(367, 0, '臺東縣', 0, 0, 0),
(368, 950, '臺東市', 367, 0, 0),
(369, 951, '綠島鄉', 367, 0, 0),
(370, 952, '蘭嶼鄉', 367, 0, 0),
(371, 953, '延平鄉', 367, 0, 0),
(372, 954, '卑南鄉', 367, 0, 0),
(373, 955, '鹿野鄉', 367, 0, 0),
(374, 956, '關山鎮', 367, 0, 0),
(375, 957, '海端鄉', 367, 0, 0),
(376, 958, '池上鄉', 367, 0, 0),
(377, 959, '東河鄉', 367, 0, 0),
(378, 961, '成功鎮', 367, 0, 0),
(379, 962, '長濱鄉', 367, 0, 0),
(380, 963, '太麻里鄉', 367, 0, 0),
(381, 964, '金峰鄉', 367, 0, 0),
(382, 965, '大武鄉', 367, 0, 0),
(383, 966, '達仁鄉', 367, 0, 0),
(384, 0, '花蓮縣', 0, 0, 0),
(385, 970, '花蓮市', 384, 0, 0),
(386, 971, '新城鄉', 384, 0, 0),
(387, 972, '秀林鄉', 384, 0, 0),
(388, 973, '吉安鄉', 384, 0, 0),
(389, 974, '壽豐鄉', 384, 0, 0),
(390, 975, '鳳林鎮', 384, 0, 0),
(391, 976, '光復鄉', 384, 0, 0),
(392, 977, '豐濱鄉', 384, 0, 0),
(393, 978, '瑞穗鄉', 384, 0, 0),
(394, 979, '萬榮鄉', 384, 0, 0),
(395, 981, '玉里鎮', 384, 0, 0),
(396, 982, '卓溪鄉', 384, 0, 0),
(397, 983, '富里鄉', 384, 0, 0);

-- --------------------------------------------------------

--
-- 資料表結構 `ex_around`
--

CREATE TABLE `ex_around` (
  `id` int(11) UNSIGNED NOT NULL,
  `name` varchar(50) NOT NULL,
  `sort` int(11) UNSIGNED NOT NULL DEFAULT '0'
) ENGINE=MyISAM DEFAULT CHARSET=utf8 COMMENT='生活機能';

--
-- 資料表的匯出資料 `ex_around`
--

INSERT INTO `ex_around` (`id`, `name`, `sort`) VALUES
(1, '近便利商店', 0),
(2, '近傳統市場', 0),
(3, '近百貨公司', 0),
(4, '近公園綠地', 0),
(5, '近學校', 0),
(6, '近醫療機構', 0),
(7, '近夜市', 0),
(8, '重劃區', 0),
(9, '景觀宅', 0),
(10, '制震宅', 0),
(11, '低首付', 0),
(12, '預售屋', 0),
(16, '新成屋', 0),
(17, '住家用', 0),
(15, '捷運宅', 0),
(18, '明星學區', 0),
(19, '創意空間', 0);

-- --------------------------------------------------------

--
-- 資料表結構 `ex_direction`
--

CREATE TABLE `ex_direction` (
  `id` int(10) UNSIGNED NOT NULL,
  `name` varchar(10) NOT NULL,
  `sort` tinyint(2) UNSIGNED NOT NULL DEFAULT '0'
) ENGINE=MyISAM DEFAULT CHARSET=utf8;

--
-- 資料表的匯出資料 `ex_direction`
--

INSERT INTO `ex_direction` (`id`, `name`, `sort`) VALUES
(1, '坐東朝西', 0),
(2, '坐西朝東', 0),
(3, '坐南朝北', 0),
(4, '坐北朝南', 0),
(5, '坐東南朝西北', 0),
(6, '坐西北朝東南', 0),
(7, '坐東北朝西南', 0),
(8, '坐西南朝東北', 0);

-- --------------------------------------------------------

--
-- 資料表結構 `ex_images`
--

CREATE TABLE `ex_images` (
  `id` bigint(20) UNSIGNED NOT NULL,
  `number` bigint(20) UNSIGNED NOT NULL,
  `img_url` varchar(100) NOT NULL
) ENGINE=MyISAM DEFAULT CHARSET=utf8;

--
-- 資料表的匯出資料 `ex_images`
--

INSERT INTO `ex_images` (`id`, `number`, `img_url`) VALUES
(1, 112176, 'https://hp1.591.com.tw/house/active/2018/12/18/154512400527852906_560x420.crop.water1.jpg'),
(2, 112176, 'https://hp1.591.com.tw/house/active/2018/12/18/154512405382850205_560x420.crop.water1.jpg'),
(3, 112176, 'https://hp2.591.com.tw/house/active/2018/12/19/154519445397668206_560x420.crop.water1.jpg'),
(4, 112176, 'https://hp1.591.com.tw/house/active/2018/12/18/154512424838331709_560x420.crop.water1.jpg'),
(5, 112176, 'https://newhouse.591.com.tw/static/housing/detail/images/bg.jpg'),
(6, 5646877, 'https://hp1.591.com.tw/house/active/2018/11/07/154156049810928504_730x460.water3.jpg'),
(7, 5646877, 'https://hp1.591.com.tw/house/active/2018/11/07/154156049944489203_730x460.water3.jpg'),
(8, 5646877, 'https://hp1.591.com.tw/house/active/2018/11/07/154156050061522303_730x460.water3.jpg'),
(9, 5646877, 'https://hp1.591.com.tw/house/active/2018/11/07/154156050184658409_730x460.water3.jpg'),
(10, 5646877, 'https://hp1.591.com.tw/house/active/2018/11/07/154156050299949108_730x460.water3.jpg'),
(11, 5646877, 'https://hp1.591.com.tw/house/active/2018/11/07/154156050419627208_730x460.water3.jpg'),
(12, 5646877, 'https://hp1.591.com.tw/house/active/2018/11/07/154156050533910603_730x460.water3.jpg'),
(13, 5646877, 'https://hp1.591.com.tw/house/active/2018/11/07/154156050660363101_730x460.water3.jpg'),
(14, 5646877, 'https://hp1.591.com.tw/house/active/2018/11/07/154156050788483105_730x460.water3.jpg'),
(15, 5646877, 'https://hp1.591.com.tw/house/active/2018/11/07/154156050920039704_730x460.water3.jpg'),
(16, 5646877, 'https://hp1.591.com.tw/house/active/2018/11/07/154156051079688200_730x460.water3.jpg'),
(17, 5646877, 'https://hp1.591.com.tw/house/active/2018/11/07/154156051209994205_730x460.water3.jpg'),
(18, 5646877, 'https://hp1.591.com.tw/house/active/2018/11/07/154156051357111407_730x460.water3.jpg'),
(19, 5646877, 'https://hp1.591.com.tw/house/active/2018/11/07/154156051767303102_730x460.water3.jpg'),
(20, 111768, 'https://hp2.591.com.tw/house/active/2017/02/07/148645875869537307_560x420.crop.water1.jpg'),
(21, 111768, 'https://hp2.591.com.tw/house/active/2017/07/21/150061363020804905_560x420.crop.water1.jpg'),
(22, 111768, 'https://hp2.591.com.tw/house/active/2017/02/06/148637975008116509_560x420.crop.water1.jpg'),
(23, 111768, 'https://hp2.591.com.tw/house/active/2017/02/06/148637998370679400_560x420.crop.water1.jpg'),
(24, 111768, 'https://hp2.591.com.tw/house/active/2017/07/21/150061357695769503_560x420.crop.water1.jpg');

-- --------------------------------------------------------

--
-- 資料表結構 `ex_main`
--

CREATE TABLE `ex_main` (
  `id` bigint(20) UNSIGNED NOT NULL COMMENT '序號',
  `unid` char(32) NOT NULL,
  `source` int(11) UNSIGNED NOT NULL COMMENT '來源',
  `number` varchar(100) NOT NULL COMMENT '編號',
  `city` int(11) UNSIGNED NOT NULL COMMENT '縣市',
  `area` int(11) UNSIGNED NOT NULL COMMENT '區',
  `title` varchar(100) NOT NULL COMMENT '標題',
  `road` varchar(100) DEFAULT NULL COMMENT '路段',
  `room` tinyint(2) UNSIGNED NOT NULL DEFAULT '0' COMMENT '房間數',
  `style` varchar(50) DEFAULT NULL COMMENT '格局',
  `ping` float UNSIGNED NOT NULL COMMENT '坪數',
  `parking` tinyint(2) UNSIGNED NOT NULL DEFAULT '0' COMMENT '車位',
  `age` int(11) UNSIGNED NOT NULL DEFAULT '0' COMMENT '屋齡',
  `floor` varchar(20) NOT NULL COMMENT '樓層',
  `type` tinyint(4) UNSIGNED NOT NULL DEFAULT '0' COMMENT '型態',
  `direction` char(8) DEFAULT NULL COMMENT '朝向',
  `fee` int(11) UNSIGNED NOT NULL DEFAULT '0' COMMENT '管理費',
  `builder` varchar(50) DEFAULT NULL COMMENT '建商名稱',
  `unit` float UNSIGNED NOT NULL DEFAULT '0' COMMENT '單價',
  `price` int(11) UNSIGNED NOT NULL COMMENT '總價',
  `description` text COMMENT '坪數說明',
  `around` varchar(255) DEFAULT NULL COMMENT '生活機能',
  `status` tinyint(2) UNSIGNED NOT NULL COMMENT '狀態',
  `community` varchar(20) NOT NULL COMMENT '社區',
  `view_num` int(11) UNSIGNED NOT NULL DEFAULT '0' COMMENT '瀏覽數',
  `add_time` datetime NOT NULL COMMENT '加入時間',
  `update_time` timestamp NOT NULL DEFAULT CURRENT_TIMESTAMP COMMENT '更新時間',
  `is_closed` tinyint(1) NOT NULL DEFAULT '0' COMMENT '是否下架'
) ENGINE=MyISAM DEFAULT CHARSET=utf8 COMMENT='主表';

--
-- 資料表的匯出資料 `ex_main`
--

INSERT INTO `ex_main` (`id`, `unid`, `source`, `number`, `city`, `area`, `title`, `road`, `room`, `style`, `ping`, `parking`, `age`, `floor`, `type`, `direction`, `fee`, `builder`, `unit`, `price`, `description`, `around`, `status`, `community`, `view_num`, `add_time`, `update_time`, `is_closed`) VALUES
(1, '48ea76c1e76413ea4367b611437c42bb', 1, 'S5761292', 275, 278, '【大統和平商圈】漂亮二房/全新整理', '高雄市苓雅區七賢一路', 2, '2;2;1;1', 11.67, 0, 39, '10', 2, '1', 700, NULL, 28.97, 338, '主建物：11.667\r\n坪土地坪數：2.159坪', '1;2;3;4;5;6;7', 4, '萬壽大廈', 1, '2018-12-30 00:00:00', '2018-12-30 12:28:58', 0),
(2, 'f162a2dc40dc46e5e7862b4875ba2dc7', 1, 'S5809834', 275, 304, '鳳山景觀邊間華廈+機械車位', '高雄市鳳山區建國路一段53巷', 3, '3;2;2;2', 34.42, 1, 25, '3', 2, NULL, 0, NULL, 7.52, 259, '主建物：21.32坪\r\n共用部分：7.94坪\r\n附屬建物：3.41坪', '1;2;3;4;5;6;7', 4, '1', 1, '2018-12-30 00:00:00', '2018-12-30 13:06:36', 0),
(3, '97f8984731ff6eea6bb0bd689f2f9a74', 1, 'S5710307', 275, 278, '和平商圈翻新精美3房', '高雄市苓雅區七賢一路', 3, '3;2;2;1', 26.9, 0, 39, '10', 2, '1', 750, NULL, 26.9, 458, '主建物：17.024坪\r\n土地坪數：4.827坪', '1;2;3;4;5', 4, '萬壽大樓', 3, '2018-12-30 00:00:00', '2018-12-30 13:13:38', 0),
(4, '736b5bad46f7ceb74d87fd141f8a197a', 1, 'S5689247', 275, 280, '公園小3房~低總價~', '高雄市鼓山區九如四路1991巷', 3, '3;2;1;2', 23.36, 0, 36, '3', 2, NULL, 500, NULL, 12.76, 298, '主建物：20.46坪\r\n附屬建物：2.91坪\r\n土地坪數：12.44坪', '1;2;4;5', 4, '前峰國宅', 1, '2018-12-30 00:00:00', '2018-12-30 13:18:39', 0),
(5, '449878e900cd7c84fef8f44300930f86', 1, 'S5672704', 275, 283, '科工館-鐵路地下化民族站', '高雄市三民區九如一路', 3, '3;2;1;1', 20.8, 0, 40, '7', 3, NULL, 490, NULL, 15.14, 315, '主建物：20.8坪\r\n土地坪數：5.6坪', '1;4', 4, '民族社區', 1, '2018-12-30 00:00:00', '2018-12-30 13:25:02', 0),
(6, '021f5355ff54369183063a83b89a38d1', 1, 'S5760512', 275, 283, '高應大便宜3房大樓', '高雄市三民區建工路', 3, '3;1;1', 26.73, 0, 26, '8', 3, NULL, 1210, NULL, 12.64, 338, '主建物：21.5坪\r\n共用部分：5.23坪\r\n土地坪數：2.31坪', '1;2;3;4;5;6;7', 4, '建工大樓', 1, '2018-12-30 00:00:00', '2018-12-30 13:29:35', 0),
(7, '079a5c4ce5b2460e99d7c2e12e509bf0', 1, 'S5797144', 275, 286, '果貿典雅三房', '高雄市左營區果峰街', 3, '3;2;2;4', 33.42, 0, 32, '12', 3, '3', 200, NULL, 10.12, 338, '主建物：24.33坪\r\n共用部分：4.838坪\r\n附屬建物：4.247坪\r\n土地坪數：7.778坪', '1;2;4;5;6;7', 4, '果貿社區', 2, '2018-12-30 00:00:00', '2018-12-30 13:40:48', 0),
(8, '1ed37d396e088223b9d8377f9e0b58a2', 1, 'S5753776', 275, 304, '五甲人明亮三房', '高雄市鳳山區五甲二路', 3, '3;1;1;2', 25.61, 0, 23, '11', 3, NULL, 1020, NULL, 13.98, 358, '主建物：17.21坪\r\n共用部分：5.3坪\r\n附屬建物：3.1坪\r\n土地坪數：3.78坪', '1;2;4;5;6;7', 4, '五甲人', 15, '2018-12-30 00:00:00', '2018-12-30 13:45:17', 0),
(9, 'c9bf34bbe0c75fda996011db11c14ae9', 1, 'S5637599', 275, 286, '高鐵便宜美大樓', '高雄市左營區文天路', 3, '3;2;1;1', 23.86, 0, 24, '10', 3, '4', 1400, NULL, 15.3, 365, '主建物：14.56坪\r\n共用部分：4.02坪\r\n附屬建物：5.28坪\r\n土地坪數：2.19坪', '1;2;3;4;5;6;7', 4, '高鐵大樓', 1, '2018-12-30 00:00:00', '2018-12-30 13:49:18', 0),
(10, '2b563e3e55f66072475d98c994088491', 1, 'S5682888', 275, 304, '五甲近瑞興市場美3房', '高雄市鳳山區善政街', 3, '3;2;2;2', 27.53, 0, 22, '12', 3, NULL, 1090, NULL, 13.33, 367, NULL, '2;4', 4, '', 20, '2018-12-30 21:54:11', '2018-12-30 13:54:11', 0),
(11, 'a150c7c8ca4d78b1230d7bc5d2e2e0e0', 1, 'S5736825', 275, 280, '美術館輕軌前峰國宅大樓', '高雄市鼓山區九如四路', 3, '3;2;1', 24.98, 0, 36, '11', 3, '4', 283, NULL, 14.73, 368, '主建物：22.64坪\r\n附屬建物：2.34坪\r\n土地坪數：5.34坪', '1;2;4;5', 4, '', 1, '2018-12-30 21:58:13', '2018-12-30 13:58:13', 0),
(12, '8764ba2546f560ed4360a555427d3798', 1, 'S5659070', 275, 283, '熱河稀有小資零公設三房', '高雄市三民區熱河二街206巷', 3, '3;1;1;1', 20.95, 0, 35, '4', 3, '4', 1000, NULL, 19.96, 418, '主建物：20.24坪\r\n附屬建物：0.705坪\r\n土地坪數：3.179坪', '1;2;4;5;6;7', 4, '熱河商圈', 1, '2018-12-30 22:24:13', '2018-12-30 14:24:13', 0),
(13, '7dc92a4904cbb10be716e09a6b2db5e6', 1, 'S5717796', 275, 278, '七賢路上景觀超美3房', '高雄市苓雅區七賢一路', 3, '3;2;2', 17.03, 0, 39, '10', 3, '4', 750, NULL, 25.14, 428, '主建物：17.025坪\r\n土地坪數：4.828坪', NULL, 4, '萬壽大樓', 1, '2018-12-30 22:27:48', '2018-12-30 14:27:48', 0),
(14, 'f82f0e5c905f8cebba0480762421896e', 1, 'S5653985', 275, 283, '【鼎山家樂福首選】超值美三房', '高雄市三民區鼎華路', 3, '3;2;2;1', 25.71, 0, 23, '9', 3, '4', 1040, NULL, 17.04, 438, '主建物：20.52坪\r\n共用部分：1.59坪\r\n附屬建物：3.6坪\r\n土地坪數：2.55坪', '1;2;4;5', 4, '雙星報喜', 1, '2018-12-30 22:32:40', '2018-12-30 14:32:40', 0),
(15, '9aceb5979e1d1795d1fbc49d99fd9572', 1, 'S5715021', 275, 283, '再降價~!後驛收租3套房~屋況佳!!急售', '高雄市三民區興安街', 3, '3;3', 30.26, 0, 24, '6', 2, '4', 350, NULL, 16.52, 500, '主建物：26.62坪\r\n共用部分：2.91坪\r\n附屬建物：0.7坪\r\n土地坪數：4.87坪', '1;2;3;4;5;6;7', 4, '書香雅築', 1, '2018-12-30 22:41:36', '2018-12-30 14:41:36', 0),
(16, '08d24ae977e09d0f553309c4722cc082', 1, 'S5539491', 275, 283, '高雄科技大學3房+車位', '高雄市三民區皓東路76巷28號', 3, '3;2;2;2', 31.38, 1, 19, '8', 3, '4', 1940, NULL, 16.48, 517, '主建物：19.12坪\r\n共用部分：10.07坪\r\n附屬建物：2.18坪\r\n土地坪數：3.32坪', '1;2;3;4;5;6;7', 4, '鶴岡大樓', 8, '2018-12-30 22:44:47', '2018-12-30 14:44:47', 0),
(17, 'ef317bbd2a1ec85c51dc7b378810b803', 1, 'S5681653', 275, 283, '陽明國小漂亮美三房+可停休旅車的車位', '高雄市三民區大豐二路', 3, '3;2;2;2', 34.63, 1, 22, '8', 3, '2', 1775, NULL, 15.19, 526, '主建物：21.68坪\r\n共用部分：10.72坪\r\n附屬建物：2.23坪', '1;2;4;5;6;7', 4, '東門町', 8, '2018-12-30 22:49:24', '2018-12-30 14:49:24', 0),
(18, '15af01cdf8344588d7ce19983b2a8508', 1, 'S5716508', 275, 286, '高鐵景觀三房+車位', '高雄市左營區文學路399巷', 3, '3;2;2;2', 31.81, 1, 23, '10', 3, '8', 1900, NULL, 16.6, 528, '土地坪數：4.77坪', '1;2;3;4;5;6;7', 4, '維多利亞', 8, '2018-12-30 22:56:37', '2018-12-30 14:56:37', 0),
(19, '1eb7949e7a583541d11b3ffede863633', 1, 'S5800901', 275, 304, '正鳳山市區捷運2+1房*六年屋*衛浴開窗', '高雄市鳳山區立德街', 3, '3;2;1;1', 29.96, 0, 6, '3', 3, NULL, 1798, NULL, 17.63, 528, '主建物：17.974坪\r\n共用部分：10.205坪\r\n附屬建物：1.776坪\r\n土地坪數：2.53坪', NULL, 4, '凡登18號', 20, '2018-12-30 23:01:31', '2018-12-30 15:01:31', 0),
(20, 'c1345999efc984f1bf1c5ef6d655c9f0', 1, 'S5837093', 275, 286, '大降價~~戀戀愛情海浪漫景觀三房雙衛開窗', '高雄市左營區海明街', 3, '3;2;2;2', 39.23, 0, 11, '6', 3, '2', 1373, NULL, 15.24, 598, '主建物：23.65坪\r\n共用部分：12.41坪\r\n附屬建物：3.17坪\r\n土地坪數：5.2坪', '1;2;3;4;5;6;7', 4, '戀戀愛情海', 4, '2019-01-05 11:51:02', '2019-01-05 03:51:02', 0),
(21, '0c9104b5982f083fcc4af0bc1979c954', 1, 'S5772839', 275, 284, '河堤景觀優質美二房', '高雄市楠梓區大學56街129號', 2, '2;1;1;1', 22, 0, 4, '15', 3, '2', 1114, NULL, 17.64, 388, '主建物：13坪\r\n共用部分：7.3坪\r\n附屬建物：1.3坪\r\n土地坪數：3.23坪', '1;2;3;4;5', 4, '大河漾', 1, '2019-01-05 12:02:36', '2019-01-05 04:02:36', 0),
(22, '22ddd2c5ca64a4cc9c8ba214f3a786b2', 2, 'S5564043', 275, 284, '送全裝海專德民商圈兩房平移車位', '高雄市楠梓區海專路50號', 2, '2;2;1;1', 25.87, 1, 0, '7', 3, NULL, 0, NULL, 21.26, 550, NULL, '1;2;4;5;6;7', 3, '漾CITY', 5, '2019-01-05 12:27:53', '2019-01-05 04:27:53', 0),
(23, '90750c59df41b21c3ee5d3fbc14e57d1', 1, 'S5827755', 275, 284, '德民市場#星巴克#超越100三房加車位', '高雄市楠梓區德民路820巷', 3, '3;2;2;1', 37.9, 1, 7, '14', 3, '1', 2065, NULL, 17.63, 668, '主建物：19坪\r\n共用部分：14.56坪\r\n附屬建物：4.3坪\r\n土地坪數：4.16坪', '1;2;3;4;5;6;7', 4, '超越100', 1, '2019-01-05 12:32:17', '2019-01-05 04:32:17', 0),
(24, '553dfd517e58562164a94dfa60596255', 1, 'S5767723', 275, 285, '小港機場雙捷運大樓2房', '高雄市小港區翠亨南路', 2, '2;2;1;2', 28.73, 0, 4, '8', 3, '1', 1979, NULL, 20.81, 598, '主建物：16.15坪\r\n共用部分：9.69坪\r\n附屬建物：2.89坪\r\n土地坪數：4.27坪', '1;2;3;4;5', 4, '玉喜', 2, '2019-01-05 12:38:16', '2019-01-05 04:38:16', 0),
(25, '08912f647cefca68e18816aed5e71811', 1, 'S5763903', 275, 285, '小港漢民商圈捷運美3房平車', '高雄市小港區義興街117號', 3, '3;2;2', 34.78, 1, 26, '5', 2, '8', 0, NULL, 14.32, 498, '主建物：20.761坪\r\n共用部分：10.086坪\r\n附屬建物：3.933坪\r\n土地坪數：5.286坪', NULL, 4, '小港翠邸', 6, '2019-01-05 12:42:39', '2019-01-05 04:42:39', 0),
(26, 'aa6e98f4dd5c015614c6011652c37e17', 2, 'S5566218', 275, 277, '全新成屋民生香榭兩房泳池宅', '高雄市前金區大同一路', 2, '2;1;1;1', 19.07, 0, 0, '15', 3, '1', 1500, NULL, 32.41, 618, '主建物：12.39坪\r\n附屬建物：6.62坪\r\n土地坪數：1.22坪', '1;2;3;4;5;6;7', 3, '民生香榭', 1, '2019-01-05 13:16:32', '2019-01-05 05:16:32', 0),
(27, 'eca5a69672eef35c7e253376c2ba3d02', 1, 'S5633893', 275, 11, 'O4市議會捷運露台景觀美二房', '高雄市前金區文武二街', 2, '2;2;1;1', 27.37, 0, 11, '10', 3, '1', 1916, NULL, 24.04, 658, '主建物：14.56坪k\r\n共用部分：8.41坪\r\n附屬建物：4.39坪\r\n土地坪數：2.1坪', '1;2;3;4;5;6;7', 4, '慾望城市', 1, '2019-01-05 13:16:32', '2019-01-05 05:16:32', 0),
(28, 'e42a752da13b11b2ec7faf64f28bdc1f', 1, 'S5815364', 275, 277, '愛河幸福川河濱景觀精緻美4房', '高雄市前金區河南二路', 4, '4;2;2', 25.2, 0, 28, '9', 3, '6', 1300, NULL, 23.73, 598, '主建物：23.21坪\r\n附屬建物：1.89坪\r\n土地坪數：2.91坪', NULL, 4, '香榭麗庭', 1, '2019-01-05 13:38:32', '2019-01-05 05:38:32', 0),
(29, 'ea68dbfddd6a71d1219ba230e06b7dc1', 1, 'S5827868', 275, 276, '高雄車站捷運2房', '高雄市新興區南台路', 2, '2;1;1;1', 20.31, 0, 5, '5', 3, '5', 1487, NULL, 24.52, 498, '主建物：12.05坪\r\n共用部分：6.86坪\r\n附屬建物：1.4坪\r\n土地坪數：1.67坪', '1;2;5;7', 4, '恆上鉑悅', 1, '2019-01-05 13:38:32', '2019-01-05 05:38:32', 0),
(30, '75e9356725a07d61dcd91ca04450d052', 2, 'S5815295', 275, 276, '文化中心大悅景觀二房', '高雄市新興區七賢一路', 2, '2;1;1;1', 18.22, 0, 0, '22', 3, '3', 0, NULL, 27.33, 498, '主建物：10.39坪\r\n共用部分：6.35坪\r\n附屬建物：1.49坪\r\n土地坪數：0.98坪', '1;2;4;5;6;7', 3, '大悅', 1, '2019-01-05 13:44:46', '2019-01-05 05:44:46', 0),
(31, '19dbd0425d2a0918da45907eb2406384', 2, 'S5788232', 275, 277, '達麗東京精品2房', '高雄市前金區六合二路', 2, '2;1;1', 20.36, 0, 0, '6', 3, '4', 0, NULL, 28.39, 578, '主建物：20.36坪', '1;2;4', 3, '達麗東京', 1, '2019-01-05 13:44:46', '2019-01-05 05:44:46', 0),
(32, 'b1e0d7d01f6d79a033ea5b5c4718825e', 1, 'S5675176', 275, 282, '☆我是陶蛋蛋☆新灣區-高投報-精美2房', '高雄市前鎮區鄭和南路', 2, '2;1;1;1', 24.19, 0, 13, '2', 3, '6', 1090, NULL, 18.11, 438, '主建物：14.08坪\r\n共用部分：7.78坪\r\n附屬建物：2.33坪\r\n土地坪數：2.2坪', '1;2;3;4;5;6;7', 4, '陽光情人', 1, '2019-01-05 14:52:32', '2019-01-05 06:52:32', 0),
(33, '16f2f88c93e582e1cf1c8a7775a729e2', 1, 'S5739880', 275, 282, 'R7獅甲捷運高樓兩房皇家貴賓', '高雄市前鎮區鄭和路', 2, '2;1;1;1', 20.91, 0, 20, '21', 3, '4', 940, NULL, 19.03, 398, '主建物：13.518坪\r\n共用部分：5.522坪\r\n附屬建物：1.872坪', '1;2;3;4;5;6;7', 4, '皇家貴賓', 1, '2019-01-05 14:52:32', '2019-01-05 06:52:32', 0),
(34, '5d71cc20c719e6c81f450915892f89d4', 1, 'S5777301', 275, 282, '皇家貴賓高樓亮4房', '高雄市前鎮區民權二路220巷', 4, '4;2;2;2', 38.4, 0, 20, '24', 3, '3', 1727, NULL, 16.61, 638, '主建物：25.85坪\r\n共用部分：9.59坪\r\n附屬建物：2.97坪\r\n土地坪數：1.85坪', '1;2;3;4;5;6;7', 4, '皇家貴賓', 1, '2019-01-05 14:54:49', '2019-01-05 06:54:49', 0),
(35, '0749fbcc64329ce7881409923e9c521c', 1, 'S5777311', 275, 304, '悅讀ABC裝潢3+1房平車', '高雄市鳳山區鳳甲一街', 4, '4;2;2;1', 53.14, 1, 4, '10', 3, '6', 2660, NULL, 18.78, 998, '主建物：24.917坪\r\n共用部分：24.531坪\r\n附屬建物：3.697坪\r\n土地坪數：8.59坪', '1;2;4;5', 4, '悅讀ABC', 1, '2019-01-08 19:12:45', '2019-01-08 11:12:45', 0),
(36, '0bd0697ffee74db618053350d087202f', 1, 'S5749000', 275, 304, '新文山3+1房平車', '高雄市鳳山區北昌二街', 4, '4;2;2', 50.92, 1, 4, '6', 3, '3', 2670, NULL, 17.28, 880, '主建物：26.35坪\r\n共用部分：15坪\r\n附屬建物：3.44坪\r\n土地坪數：9.1坪', '1;2;4;5;6;7', 4, '文華匯', 1, '2019-01-08 19:16:10', '2019-01-08 11:16:10', 0),
(37, 'f05f7132602923a546f276687f5a0ea5', 1, 'S5700026', 275, 304, '3+1房大平車?鳳山地產王小琪?', '高雄市鳳山區永忠街', 4, '4;2;2;2', 55.33, 1, 7, '2', 3, '3', 2550, NULL, 17.86, 988, '主建物：29.18坪\r\n土地坪數：9.79坪', '1;2;3;4;5;6;7', 4, '濤花園', 1, '2019-01-08 19:19:36', '2019-01-08 11:19:36', 0),
(38, '879aabb12e831e27aa318fac90e64546', 1, 'S5740600', 275, 304, '頂新特區新都匯3房平車', '高雄市鳳山區頂新六街', 3, '3;2;2', 52.34, 1, 4, '15', 3, '2', 2206, NULL, 15.25, 798, '主建物：23.16坪\r\n共用部分：14.76坪\r\n附屬建物：4.42坪\r\n土地坪數：5.71坪', NULL, 4, '新都匯', 1, '2019-01-08 19:24:45', '2019-01-08 11:24:45', 0),
(39, 'd6e823fae54092cd68207c6e640f53cf', 1, 'S5783268', 275, 304, '新都匯精美三房平車', '高雄市鳳山區頂新六街', 3, '3;2;2;1', 53.6, 1, 4, '9', 3, '4', 2200, NULL, 16.57, 888, '主建物：24.52坪\r\n共用部分：15.16坪\r\n附屬建物：3.93坪\r\n土地坪數：5.84坪', '1;2;4;5', 4, '新都匯', 1, '2019-01-08 19:27:57', '2019-01-08 11:27:57', 0),
(40, '0ffcbfc5a1dbc67331b365a06c0b5b80', 1, 'S5789882', 275, 304, '公園首排景觀~大三房~大平車~四年屋', '高雄市鳳山區頂新七街', 3, '3;2;2;2', 51.01, 1, 4, '7', 3, NULL, 0, NULL, 17.41, 888, '主建物：24.369坪\r\n共用部分：16.067坪\r\n附屬建物：3.581坪', '4;5', 4, '頂園', 1, '2019-01-08 19:31:46', '2019-01-08 11:31:46', 0),
(41, '835b14ba7dca541d3e7c09c90065283a', 2, 'S5775132', 275, 304, '富邦大無疆~預售屋~3房+平面大車位', '高雄市鳳山區和德街1號', 3, '3;2;2;2', 33.01, 1, 0, '9', 3, NULL, 0, NULL, 23.27, 768, NULL, NULL, 3, '', 1, '2019-01-08 19:36:23', '2019-01-08 11:36:23', 0),
(42, '123339f81e226184ac5bad943bb2f63f', 1, 'S5689908', 275, 304, '文山藏美兩房平車', '高雄市鳳山區建國路三段319巷', 2, '2;1;1', 34.59, 1, 1, '7', 3, '5', 0, NULL, 21.05, 728, '主建物：14.29坪\r\n共用部分：11.63坪\r\n附屬建物：4.02坪\r\n土地坪數：5.22坪', '4;5', 4, '藏美', 1, '2019-01-08 19:38:45', '2019-01-08 11:38:45', 0),
(43, '65126d5cbe6a1b14faf05e43e05fce8f', 1, 'S5763394', 275, 304, '福懋綠氧森景觀美二房+車位', '高雄市鳳山區中山東路', 2, '2;1;1;1', 34.65, 1, 1, '9', 3, NULL, 2407, NULL, 19.28, 668, '主建物：16.48坪\r\n共用部分：13.62坪\r\n附屬建物：4.55坪\r\n土地坪數：5.46坪', '1;2;4;5', 4, '福懋綠氧森', 1, '2019-01-08 19:41:03', '2019-01-08 11:41:03', 0),
(44, '69f23a01f53b9a6b275ea35d97074bea', 2, '109791', 275, 287, '得邑巨商', '仁雄路206號', 5, '5~7房', 145, 0, 0, '', 4, '', 0, '得邑建設', 0, 5680, '<ul class=\"clearfix stonefont\">\n\n                                                    <li><span>結構工程</span>暫無                            </li>\n                            <li><span>用途規劃</span>住家用</li>\n                            <li><span>棟戶規劃</span><em title=\"7戶店面\">7戶店面</em></li>\n                            <li><span>土地分區</span>暫無</li>\n                            <li><span>樓層規劃</span>地上5層</li>\n                            <li><span>停車方式</span>前院停車</li>\n                            <li><span>房數規劃</span>5~7房</li>\n                            <li><span>管理費用</span>待定</li>\n                            <li><span>寬深規劃</span>面寬6.00米、縱深0.00米</li>\n                            <li>\n                                <span style=\"float: left;\">基地面積</span>\n                                570坪                                                            </li>\n                            <li>\n                                <span>交屋屋況</span>\n                                標準配備</li>\n                            <li>\n                                <span>建  蔽  率 </span>\n                                38.07%<i class=\"fa fa-question-circle fa_tooltip\" data-placement=\"top\" data-toggle=\"tooltip\" title=\"指建築基地上，建物的最大投影面積與建築基地面積的比值。\"></i>                                                            </li>\n                                                    <li class=\"orientation\"><span>座向規劃</span>朝南</li>\n                            <li class=\"building_materials\">\n                                <span>建材說明</span>\n                                <strong>\n                                    暫無                                </strong>\n                            </li>\n                                                </ul>', '4;8;9;16;17;', 3, '', 0, '2019-01-30 15:10:50', '2019-01-30 07:10:50', 0),
(45, 'e2a1bc442a0a46c2832dfa66af2d2345', 1, '5901255', 275, 284, '德賢商圈裝潢典雅大露臺漂亮三房平車', '德豐街', 3, '3房2廳2衛', 42.31, 1, 7, '2F/15F', 3, '', 1948, '', 16.5, 698, '<div class=\"detail-house-box\">\n                    <div class=\"detail-house-name\">房屋資料</div>\n                    <div class=\"detail-house-content\">\n                                                                                <div class=\"detail-house-item\">\n                                <div class=\"detail-house-key\">現況</div>\n                                <span>：</span>\n                                <div class=\"detail-house-value\">住宅</div>\n                            </div>\n                                                                                                            <div class=\"detail-house-item\">\n                                <div class=\"detail-house-key\">型態</div>\n                                <span>：</span>\n                                <div class=\"detail-house-value\">電梯大樓</div>\n                            </div>\n                                                                                                            <div class=\"detail-house-item\">\n                                <div class=\"detail-house-key\">裝潢程度</div>\n                                <span>：</span>\n                                <div class=\"detail-house-value\">簡易裝潢</div>\n                            </div>\n                                                                                                            <div class=\"detail-house-item\">\n                                <div class=\"detail-house-key\">管理費</div>\n                                <span>：</span>\n                                <div class=\"detail-house-value\">1948元</div>\n                            </div>\n                                                                                                            <div class=\"detail-house-item\">\n                                <div class=\"detail-house-key\">帶租約</div>\n                                <span>：</span>\n                                <div class=\"detail-house-value\">否</div>\n                            </div>\n                                                                                                            <div class=\"detail-house-item\">\n                                <div class=\"detail-house-key\">法定用途</div>\n                                <span>：</span>\n                                <div class=\"detail-house-value\">住家用</div>\n                            </div>\n                                                                                                            <div class=\"detail-house-item\">\n                                <div class=\"detail-house-key\">公設比</div>\n                                <span>：</span>\n                                <div class=\"detail-house-value\">33%</div>\n                            </div>\n                                                                        </div>\n                </div>', '', 4, '大河苑', 0, '2019-01-30 15:10:50', '2019-01-30 07:10:50', 0),
(46, '5091331cebd0832616c2e7a199f158bb', 1, '5768006', 275, 283, '【陽明國中文山全新宅】雙套房有平車', '文揚街', 4, '4房2廳3衛', 86.22, 1, 5, '2F/20F', 3, '2', 6328, '', 19.69, 1698, '<div class=\"detail-house-box\">\n                    <div class=\"detail-house-name\">房屋資料</div>\n                    <div class=\"detail-house-content\">\n                                                                                <div class=\"detail-house-item\">\n                                <div class=\"detail-house-key\">現況</div>\n                                <span>：</span>\n                                <div class=\"detail-house-value\">住宅</div>\n                            </div>\n                                                                                                            <div class=\"detail-house-item\">\n                                <div class=\"detail-house-key\">型態</div>\n                                <span>：</span>\n                                <div class=\"detail-house-value\">電梯大樓</div>\n                            </div>\n                                                                                                            <div class=\"detail-house-item\">\n                                <div class=\"detail-house-key\">裝潢程度</div>\n                                <span>：</span>\n                                <div class=\"detail-house-value\">尚未裝潢</div>\n                            </div>\n                                                                                                            <div class=\"detail-house-item\">\n                                <div class=\"detail-house-key\">管理費</div>\n                                <span>：</span>\n                                <div class=\"detail-house-value\">6328元</div>\n                            </div>\n                                                                                                            <div class=\"detail-house-item\">\n                                <div class=\"detail-house-key\">帶租約</div>\n                                <span>：</span>\n                                <div class=\"detail-house-value\">否</div>\n                            </div>\n                                                                                                            <div class=\"detail-house-item\">\n                                <div class=\"detail-house-key\">法定用途</div>\n                                <span>：</span>\n                                <div class=\"detail-house-value\">住家用</div>\n                            </div>\n                                                                                                            <div class=\"detail-house-item\">\n                                <div class=\"detail-house-key\">公設比</div>\n                                <span>：</span>\n                                <div class=\"detail-house-value\">36%</div>\n                            </div>\n                                                                        </div>\n                </div>', '', 4, '湖立方.文山特區', 0, '2019-01-30 15:10:50', '2019-01-30 07:10:50', 0),
(47, '5c922918256c1bf37c8f27716350a7ce', 2, '111658', 275, 285, '石尚大觀11', '孔宅街289號', 6, '6房', 110, 0, 0, '', 0, '', 0, '禾笙建設股份有限公司', 0, 2980, '<ul class=\"clearfix stonefont\">\n                        \n                                                    <li><span>結構工程</span>RC\n                                                                    <i class=\"fa fa-question-circle fa_tooltip\" data-placement=\"top\" data-toggle=\"tooltip\" title=\"鋼筋混凝土結構\"></i>\n                                                                                            </li>\n                            <li><span>用途規劃</span>住家用</li>\n                            <li><span>棟戶規劃</span><em title=\"4棟，4戶住家\">4棟，4戶住家</em></li>\n                            <li><span>土地分區</span>第二種住宅區</li>\n                            <li><span>樓層規劃</span>地上4層</li>\n                            <li><span>停車方式</span>前院停車</li>\n                            <li><span>房數規劃</span>6房</li>\n                            <li><span>管理費用</span>無管理費</li>\n                            <li><span>寬深規劃</span>面寬14.5米、縱深0.00米</li>\n                            <li>\n                                <span style=\"float: left;\">基地面積</span>\n                                310坪                                                            </li>\n                            <li>\n                                <span>交屋屋況</span>\n                                標準配備</li>\n                            <li>\n                                <span>建  蔽  率 </span>\n                                40.07%<i class=\"fa fa-question-circle fa_tooltip\" data-placement=\"top\" data-toggle=\"tooltip\" title=\"指建築基地上，建物的最大投影面積與建築基地面積的比值。\"></i>                                                            </li>\n                                                    <li class=\"orientation\"><span>座向規劃</span>朝東北</li>\n                            <li class=\"building_materials\">\n                                <span>建材說明</span>\n                                <strong>\n                                    林內廚具、SVAGO烤箱                                </strong>\n                            </li>\n                                                </ul>', '4;9;16;17;', 3, '', 0, '2019-01-31 20:43:19', '2019-01-31 12:43:19', 0),
(48, '2fd6ae442de0b10565fc1ebe72d8902b', 1, '5788190', 275, 305, '限時降價穩定收租輔英科大收租電梯16套房', '鳳林三路439巷', 1, '16房16衛', 124.79, 0, 2, '整棟/6F', 0, '', 0, '', 19.87, 2480, '<div class=\"detail-house-box\">\n                    <div class=\"detail-house-name\">房屋資料</div>\n                    <div class=\"detail-house-content\">\n                                                                                <div class=\"detail-house-item\">\n                                <div class=\"detail-house-key\">現況</div>\n                                <span>：</span>\n                                <div class=\"detail-house-value\">住宅</div>\n                            </div>\n                                                                                                            <div class=\"detail-house-item\">\n                                <div class=\"detail-house-key\">型態</div>\n                                <span>：</span>\n                                <div class=\"detail-house-value\">透天厝</div>\n                            </div>\n                                                                                                            <div class=\"detail-house-item\">\n                                <div class=\"detail-house-key\">裝潢程度</div>\n                                <span>：</span>\n                                <div class=\"detail-house-value\">中檔裝潢</div>\n                            </div>\n                                                                                                            <div class=\"detail-house-item\">\n                                <div class=\"detail-house-key\">管理費</div>\n                                <span>：</span>\n                                <div class=\"detail-house-value\">無</div>\n                            </div>\n                                                                                                            <div class=\"detail-house-item\">\n                                <div class=\"detail-house-key\">帶租約</div>\n                                <span>：</span>\n                                <div class=\"detail-house-value\">是</div>\n                            </div>\n                                                                                                            <div class=\"detail-house-item\">\n                                <div class=\"detail-house-key\">法定用途</div>\n                                <span>：</span>\n                                <div class=\"detail-house-value\">住家用</div>\n                            </div>\n                                                                                                            <div class=\"detail-house-item\">\n                                <div class=\"detail-house-key\">車位</div>\n                                <span>：</span>\n                                <div class=\"detail-house-value\">無</div>\n                            </div>\n                                                                        </div>\n                </div>', '1;2;4;5;6;7;', 4, '', 0, '2019-01-31 20:43:19', '2019-01-31 12:43:19', 0),
(49, 'edaee6dd091fe535313102085d067e78', 1, '5600983', 275, 286, '**漢神巨蛋捷運大地坪雙車庫透天**', '立中路38巷', 6, '6房2廳3衛', 71.69, 0, 16, '整棟/4F', 0, '', 0, '', 37.38, 2680, '<div class=\"detail-house-box\">\n                    <div class=\"detail-house-name\">房屋資料</div>\n                    <div class=\"detail-house-content\">\n                                                                                <div class=\"detail-house-item\">\n                                <div class=\"detail-house-key\">現況</div>\n                                <span>：</span>\n                                <div class=\"detail-house-value\">住宅</div>\n                            </div>\n                                                                                                            <div class=\"detail-house-item\">\n                                <div class=\"detail-house-key\">型態</div>\n                                <span>：</span>\n                                <div class=\"detail-house-value\">別墅</div>\n                            </div>\n                                                                                                            <div class=\"detail-house-item\">\n                                <div class=\"detail-house-key\">裝潢程度</div>\n                                <span>：</span>\n                                <div class=\"detail-house-value\">簡易裝潢</div>\n                            </div>\n                                                                                                            <div class=\"detail-house-item\">\n                                <div class=\"detail-house-key\">管理費</div>\n                                <span>：</span>\n                                <div class=\"detail-house-value\">無</div>\n                            </div>\n                                                                                                            <div class=\"detail-house-item\">\n                                <div class=\"detail-house-key\">帶租約</div>\n                                <span>：</span>\n                                <div class=\"detail-house-value\">否</div>\n                            </div>\n                                                                                                            <div class=\"detail-house-item\">\n                                <div class=\"detail-house-key\">法定用途</div>\n                                <span>：</span>\n                                <div class=\"detail-house-value\">住家用</div>\n                            </div>\n                                                                                                            <div class=\"detail-house-item\">\n                                <div class=\"detail-house-key\">車位</div>\n                                <span>：</span>\n                                <div class=\"detail-house-value\">無</div>\n                            </div>\n                                                                        </div>\n                </div>', '1;2;3;4;5;6;7;', 4, '', 0, '2019-01-31 20:43:19', '2019-01-31 12:43:19', 0),
(50, '1b048da415ead6e8bc1698299494cffb', 2, '116653', 275, 276, '雙璽', '忠孝一路437巷7號', 4, '4~5房', 108, 0, 0, '', 0, '', 0, '禹順建設(股)公司', 36, 3860, '<ul class=\"clearfix stonefont\">\n                        \n                                                    <li><span>結構工程</span>RC\n                                                                    <i class=\"fa fa-question-circle fa_tooltip\" data-placement=\"top\" data-toggle=\"tooltip\" title=\"鋼筋混凝土結構\"></i>\n                                                                                            </li>\n                            <li><span>用途規劃</span>住家用</li>\n                            <li><span>棟戶規劃</span><em title=\"2棟，2戶住家\">2棟，2戶住家</em></li>\n                            <li><span>土地分區</span>商四</li>\n                            <li><span>樓層規劃</span>地上5層</li>\n                            <li><span>停車方式</span>1樓停車</li>\n                            <li><span>房數規劃</span>4~5房</li>\n                            <li><span>管理費用</span>無管理費</li>\n                            <li><span>寬深規劃</span>面寬7.5米</li>\n                            <li>\n                                <span style=\"float: left;\">基地面積</span>\n                                59.6坪                                                            </li>\n                            <li>\n                                <span>交屋屋況</span>\n                                標準配備</li>\n                            <li>\n                                <span>建  蔽  率 </span>\n                                60%<i class=\"fa fa-question-circle fa_tooltip\" data-placement=\"top\" data-toggle=\"tooltip\" title=\"指建築基地上，建物的最大投影面積與建築基地面積的比值。\"></i>                                                            </li>\n                                                    <li class=\"orientation\"><span>座向規劃</span>朝東北</li>\n                            <li class=\"building_materials\">\n                                <span>建材說明</span>\n                                <strong>\n                                    國產水泥、國內一級磁磚廠、德國頂級超耐磨地板、國際牌原裝進口廚具、五星級頂級TOTO全套衛浴                                </strong>\n                            </li>\n                                                </ul>', '4;9;15;16;17;18;', 3, '', 0, '2019-01-31 20:43:19', '2019-01-31 12:43:19', 0),
(51, '9324efacc6728916cbde84e8964f1e5e', 2, '5484727', 275, 276, '五福國中-雙車電梯臻邸-筏式基礎', '民族二路', 5, '5房2廳5衛', 93.57, 0, 0, '整棟/5F', 0, '4', 0, '', 31.85, 2980, '<div class=\"detail-house-box\">\n                    <div class=\"detail-house-name\">房屋資料</div>\n                    <div class=\"detail-house-content\">\n                                                                                <div class=\"detail-house-item\">\n                                <div class=\"detail-house-key\">現況</div>\n                                <span>：</span>\n                                <div class=\"detail-house-value\">住宅</div>\n                            </div>\n                                                                                                            <div class=\"detail-house-item\">\n                                <div class=\"detail-house-key\">型態</div>\n                                <span>：</span>\n                                <div class=\"detail-house-value\">別墅</div>\n                            </div>\n                                                                                                            <div class=\"detail-house-item\">\n                                <div class=\"detail-house-key\">裝潢程度</div>\n                                <span>：</span>\n                                <div class=\"detail-house-value\">高檔裝潢</div>\n                            </div>\n                                                                                                            <div class=\"detail-house-item\">\n                                <div class=\"detail-house-key\">管理費</div>\n                                <span>：</span>\n                                <div class=\"detail-house-value\">無</div>\n                            </div>\n                                                                                                            <div class=\"detail-house-item\">\n                                <div class=\"detail-house-key\">帶租約</div>\n                                <span>：</span>\n                                <div class=\"detail-house-value\">否</div>\n                            </div>\n                                                                                                            <div class=\"detail-house-item\">\n                                <div class=\"detail-house-key\">法定用途</div>\n                                <span>：</span>\n                                <div class=\"detail-house-value\">住家用</div>\n                            </div>\n                                                                                                            <div class=\"detail-house-item\">\n                                <div class=\"detail-house-key\">車位</div>\n                                <span>：</span>\n                                <div class=\"detail-house-value\">無</div>\n                            </div>\n                                                                        </div>\n                </div>', '1;3;4;5;', 3, '', 0, '2019-01-31 20:43:19', '2019-01-31 12:43:19', 0),
(52, '3a044e4e159a6a93cfe596a2532cf7f1', 1, '5721329', 275, 278, '中正二路文化中心捷運宅', '中正二路', 3, '3房2廳2衛', 51.77, 0, 33, '7F/12F', 0, '3', 3360, '', 15.41, 798, '<div class=\"detail-house-box\">\n                    <div class=\"detail-house-name\">房屋資料</div>\n                    <div class=\"detail-house-content\">\n                                                                                <div class=\"detail-house-item\">\n                                <div class=\"detail-house-key\">現況</div>\n                                <span>：</span>\n                                <div class=\"detail-house-value\">住宅</div>\n                            </div>\n                                                                                                            <div class=\"detail-house-item\">\n                                <div class=\"detail-house-key\">型態</div>\n                                <span>：</span>\n                                <div class=\"detail-house-value\">電梯大樓</div>\n                            </div>\n                                                                                                            <div class=\"detail-house-item\">\n                                <div class=\"detail-house-key\">裝潢程度</div>\n                                <span>：</span>\n                                <div class=\"detail-house-value\">簡易裝潢</div>\n                            </div>\n                                                                                                            <div class=\"detail-house-item\">\n                                <div class=\"detail-house-key\">管理費</div>\n                                <span>：</span>\n                                <div class=\"detail-house-value\">3360元</div>\n                            </div>\n                                                                                                            <div class=\"detail-house-item\">\n                                <div class=\"detail-house-key\">帶租約</div>\n                                <span>：</span>\n                                <div class=\"detail-house-value\">否</div>\n                            </div>\n                                                                                                            <div class=\"detail-house-item\">\n                                <div class=\"detail-house-key\">車位</div>\n                                <span>：</span>\n                                <div class=\"detail-house-value\">無</div>\n                            </div>\n                                                                                                            <div class=\"detail-house-item\">\n                                <div class=\"detail-house-key\">公設比</div>\n                                <span>：</span>\n                                <div class=\"detail-house-value\">19%</div>\n                            </div>\n                                                                        </div>\n                </div>', '1;2;3;4;5;6;', 4, '長春大樓', 0, '2019-01-31 20:43:19', '2019-01-31 12:43:19', 0),
(53, '7fc1b2d1bc9cd857a60fb4c3fc767a8b', 2, '5858635', 275, 287, '太子雲全新兩房含大車位~有變更完成', '霞海路1巷', 2, '2房1廳1衛', 28.65, 1, 0, '10F/15F', 0, '', 50, '', 17.45, 595, '<div class=\"detail-house-box\">\n                    <div class=\"detail-house-name\">房屋資料</div>\n                    <div class=\"detail-house-content\">\n                                                                                <div class=\"detail-house-item\">\n                                <div class=\"detail-house-key\">現況</div>\n                                <span>：</span>\n                                <div class=\"detail-house-value\">住宅</div>\n                            </div>\n                                                                                                            <div class=\"detail-house-item\">\n                                <div class=\"detail-house-key\">型態</div>\n                                <span>：</span>\n                                <div class=\"detail-house-value\">電梯大樓</div>\n                            </div>\n                                                                                                            <div class=\"detail-house-item\">\n                                <div class=\"detail-house-key\">裝潢程度</div>\n                                <span>：</span>\n                                <div class=\"detail-house-value\">尚未裝潢</div>\n                            </div>\n                                                                                                            <div class=\"detail-house-item\">\n                                <div class=\"detail-house-key\">管理費</div>\n                                <span>：</span>\n                                <div class=\"detail-house-value\">50元</div>\n                            </div>\n                                                                                                            <div class=\"detail-house-item\">\n                                <div class=\"detail-house-key\">帶租約</div>\n                                <span>：</span>\n                                <div class=\"detail-house-value\">否</div>\n                            </div>\n                                                                                                            <div class=\"detail-house-item\">\n                                <div class=\"detail-house-key\">公設比</div>\n                                <span>：</span>\n                                <div class=\"detail-house-value\">32%</div>\n                            </div>\n                                                                        </div>\n                </div>', '', 3, '太子雲', 0, '2019-01-31 20:43:19', '2019-01-31 12:43:19', 0),
(54, '0f34685bac80569fb0713cba353cae67', 1, '5873351', 275, 286, '巨蛋、崇德商圈-低公設大三房附車位', '重安路', 3, '3房2廳2衛', 38.18, 1, 25, '4F/11F', 0, '', 1842, '', 17.23, 658, '<div class=\"detail-house-box\">\n                    <div class=\"detail-house-name\">房屋資料</div>\n                    <div class=\"detail-house-content\">\n                                                                                <div class=\"detail-house-item\">\n                                <div class=\"detail-house-key\">現況</div>\n                                <span>：</span>\n                                <div class=\"detail-house-value\">住宅</div>\n                            </div>\n                                                                                                            <div class=\"detail-house-item\">\n                                <div class=\"detail-house-key\">型態</div>\n                                <span>：</span>\n                                <div class=\"detail-house-value\">電梯大樓</div>\n                            </div>\n                                                                                                            <div class=\"detail-house-item\">\n                                <div class=\"detail-house-key\">裝潢程度</div>\n                                <span>：</span>\n                                <div class=\"detail-house-value\">簡易裝潢</div>\n                            </div>\n                                                                                                            <div class=\"detail-house-item\">\n                                <div class=\"detail-house-key\">管理費</div>\n                                <span>：</span>\n                                <div class=\"detail-house-value\">1842元</div>\n                            </div>\n                                                                                                            <div class=\"detail-house-item\">\n                                <div class=\"detail-house-key\">帶租約</div>\n                                <span>：</span>\n                                <div class=\"detail-house-value\">否</div>\n                            </div>\n                                                                                                            <div class=\"detail-house-item\">\n                                <div class=\"detail-house-key\">法定用途</div>\n                                <span>：</span>\n                                <div class=\"detail-house-value\">住家用</div>\n                            </div>\n                                                                                                            <div class=\"detail-house-item\">\n                                <div class=\"detail-house-key\">公設比</div>\n                                <span>：</span>\n                                <div class=\"detail-house-value\">26%</div>\n                            </div>\n                                                                        </div>\n                </div>', '1;2;3;4;5;6;7;', 4, '麗景天廈', 0, '2019-01-31 20:43:19', '2019-01-31 12:43:19', 0),
(55, '1b606c2e90e808747ad161f04ee618ae', 1, '5896053', 275, 280, '美術館特區璞御富豪尊邸4房雙平車-專約', '美術南一街', 4, '4房2廳3衛', 116.7, 1, 5, '3F/14F', 0, '4', 10571, '', 28.71, 3350, '<div class=\"detail-house-box\">\n                    <div class=\"detail-house-name\">房屋資料</div>\n                    <div class=\"detail-house-content\">\n                                                                                <div class=\"detail-house-item\">\n                                <div class=\"detail-house-key\">現況</div>\n                                <span>：</span>\n                                <div class=\"detail-house-value\">住宅</div>\n                            </div>\n                                                                                                            <div class=\"detail-house-item\">\n                                <div class=\"detail-house-key\">型態</div>\n                                <span>：</span>\n                                <div class=\"detail-house-value\">電梯大樓</div>\n                            </div>\n                                                                                                            <div class=\"detail-house-item\">\n                                <div class=\"detail-house-key\">裝潢程度</div>\n                                <span>：</span>\n                                <div class=\"detail-house-value\">高檔裝潢</div>\n                            </div>\n                                                                                                            <div class=\"detail-house-item\">\n                                <div class=\"detail-house-key\">管理費</div>\n                                <span>：</span>\n                                <div class=\"detail-house-value\">10571元</div>\n                            </div>\n                                                                                                            <div class=\"detail-house-item\">\n                                <div class=\"detail-house-key\">帶租約</div>\n                                <span>：</span>\n                                <div class=\"detail-house-value\">否</div>\n                            </div>\n                                                                                                            <div class=\"detail-house-item\">\n                                <div class=\"detail-house-key\">法定用途</div>\n                                <span>：</span>\n                                <div class=\"detail-house-value\">住家用</div>\n                            </div>\n                                                                                                            <div class=\"detail-house-item\">\n                                <div class=\"detail-house-key\">公設比</div>\n                                <span>：</span>\n                                <div class=\"detail-house-value\">35%</div>\n                            </div>\n                                                                        </div>\n                </div>', '1;2;4;5;6;', 4, '璞御', 0, '2019-01-31 20:43:19', '2019-01-31 12:43:19', 0),
(56, '99b42d8ad100ebaf4ac7a9c6134bdccf', 1, '5694725', 275, 304, '800坪前庭廣場第一排雙主臥孝親大四房', '北賢街', 4, '4房2廳4衛', 51.95, 1, 2, '1F/15F', 0, '2', 50, '', 25.18, 1438, '<div class=\"detail-house-box\">\n                    <div class=\"detail-house-name\">房屋資料</div>\n                    <div class=\"detail-house-content\">\n                                                                                <div class=\"detail-house-item\">\n                                <div class=\"detail-house-key\">現況</div>\n                                <span>：</span>\n                                <div class=\"detail-house-value\">住宅</div>\n                            </div>\n                                                                                                            <div class=\"detail-house-item\">\n                                <div class=\"detail-house-key\">型態</div>\n                                <span>：</span>\n                                <div class=\"detail-house-value\">電梯大樓</div>\n                            </div>\n                                                                                                            <div class=\"detail-house-item\">\n                                <div class=\"detail-house-key\">裝潢程度</div>\n                                <span>：</span>\n                                <div class=\"detail-house-value\">高檔裝潢</div>\n                            </div>\n                                                                                                            <div class=\"detail-house-item\">\n                                <div class=\"detail-house-key\">管理費</div>\n                                <span>：</span>\n                                <div class=\"detail-house-value\">50元</div>\n                            </div>\n                                                                                                            <div class=\"detail-house-item\">\n                                <div class=\"detail-house-key\">帶租約</div>\n                                <span>：</span>\n                                <div class=\"detail-house-value\">否</div>\n                            </div>\n                                                                        </div>\n                </div>', '1;4;5;6;', 4, '華悅', 0, '2019-01-31 20:43:19', '2019-01-31 12:43:19', 0);
INSERT INTO `ex_main` (`id`, `unid`, `source`, `number`, `city`, `area`, `title`, `road`, `room`, `style`, `ping`, `parking`, `age`, `floor`, `type`, `direction`, `fee`, `builder`, `unit`, `price`, `description`, `around`, `status`, `community`, `view_num`, `add_time`, `update_time`, `is_closed`) VALUES
(57, '8b7bd67de559afabf0ba74a91e738f97', 1, '5901071', 275, 284, '超便宜右昌國小旁投資型透天', '泰昌街26巷', 3, '3房2廳2衛', 21.8, 0, 41, '整棟/3F', 0, '', 0, '', 27.43, 598, '<div class=\"detail-house-box\">\n                    <div class=\"detail-house-name\">房屋資料</div>\n                    <div class=\"detail-house-content\">\n                                                                                <div class=\"detail-house-item\">\n                                <div class=\"detail-house-key\">現況</div>\n                                <span>：</span>\n                                <div class=\"detail-house-value\">住宅</div>\n                            </div>\n                                                                                                            <div class=\"detail-house-item\">\n                                <div class=\"detail-house-key\">型態</div>\n                                <span>：</span>\n                                <div class=\"detail-house-value\">透天厝</div>\n                            </div>\n                                                                                                            <div class=\"detail-house-item\">\n                                <div class=\"detail-house-key\">裝潢程度</div>\n                                <span>：</span>\n                                <div class=\"detail-house-value\">簡易裝潢</div>\n                            </div>\n                                                                                                            <div class=\"detail-house-item\">\n                                <div class=\"detail-house-key\">管理費</div>\n                                <span>：</span>\n                                <div class=\"detail-house-value\">無</div>\n                            </div>\n                                                                                                            <div class=\"detail-house-item\">\n                                <div class=\"detail-house-key\">帶租約</div>\n                                <span>：</span>\n                                <div class=\"detail-house-value\">否</div>\n                            </div>\n                                                                                                            <div class=\"detail-house-item\">\n                                <div class=\"detail-house-key\">法定用途</div>\n                                <span>：</span>\n                                <div class=\"detail-house-value\">住家用</div>\n                            </div>\n                                                                                                            <div class=\"detail-house-item\">\n                                <div class=\"detail-house-key\">車位</div>\n                                <span>：</span>\n                                <div class=\"detail-house-value\">無</div>\n                            </div>\n                                                                        </div>\n                </div>', '1;2;3;4;5;6;7;', 4, '', 0, '2019-01-31 20:43:19', '2019-01-31 12:43:19', 0),
(58, '3a755e37d28bf8648c79be555ebefc29', 1, '5668402', 275, 283, '兩房改建三房已翻修穩定收租中', '復興一路', 3, '3房1衛', 23.43, 0, 35, '5F/12F', 0, '', 800, '', 18.27, 428, '<div class=\"detail-house-box\">\n                    <div class=\"detail-house-name\">房屋資料</div>\n                    <div class=\"detail-house-content\">\n                                                                                <div class=\"detail-house-item\">\n                                <div class=\"detail-house-key\">現況</div>\n                                <span>：</span>\n                                <div class=\"detail-house-value\">住宅</div>\n                            </div>\n                                                                                                            <div class=\"detail-house-item\">\n                                <div class=\"detail-house-key\">型態</div>\n                                <span>：</span>\n                                <div class=\"detail-house-value\">電梯大樓</div>\n                            </div>\n                                                                                                            <div class=\"detail-house-item\">\n                                <div class=\"detail-house-key\">裝潢程度</div>\n                                <span>：</span>\n                                <div class=\"detail-house-value\">簡易裝潢</div>\n                            </div>\n                                                                                                            <div class=\"detail-house-item\">\n                                <div class=\"detail-house-key\">管理費</div>\n                                <span>：</span>\n                                <div class=\"detail-house-value\">800元</div>\n                            </div>\n                                                                                                            <div class=\"detail-house-item\">\n                                <div class=\"detail-house-key\">帶租約</div>\n                                <span>：</span>\n                                <div class=\"detail-house-value\">是</div>\n                            </div>\n                                                                                                            <div class=\"detail-house-item\">\n                                <div class=\"detail-house-key\">車位</div>\n                                <span>：</span>\n                                <div class=\"detail-house-value\">無</div>\n                            </div>\n                                                                        </div>\n                </div>', '1;2;4;', 4, '凱旋門大樓', 0, '2019-01-31 20:43:19', '2019-01-31 12:43:19', 0),
(59, '57e49ed2b47686adf554986bc0a4e195', 1, '5720095', 275, 307, '澄清湖4車庫★獨棟電梯透天別墅~前後臨路', '文賢街', 4, '4房3廳6衛', 102.18, 1, 1, '整棟/5F', 0, '8', 0, '', 29.16, 2980, '<div class=\"detail-house-box\">\n                    <div class=\"detail-house-name\">房屋資料</div>\n                    <div class=\"detail-house-content\">\n                                                                                <div class=\"detail-house-item\">\n                                <div class=\"detail-house-key\">現況</div>\n                                <span>：</span>\n                                <div class=\"detail-house-value\">住宅</div>\n                            </div>\n                                                                                                            <div class=\"detail-house-item\">\n                                <div class=\"detail-house-key\">型態</div>\n                                <span>：</span>\n                                <div class=\"detail-house-value\">別墅</div>\n                            </div>\n                                                                                                            <div class=\"detail-house-item\">\n                                <div class=\"detail-house-key\">裝潢程度</div>\n                                <span>：</span>\n                                <div class=\"detail-house-value\">尚未裝潢</div>\n                            </div>\n                                                                                                            <div class=\"detail-house-item\">\n                                <div class=\"detail-house-key\">管理費</div>\n                                <span>：</span>\n                                <div class=\"detail-house-value\">無</div>\n                            </div>\n                                                                                                            <div class=\"detail-house-item\">\n                                <div class=\"detail-house-key\">帶租約</div>\n                                <span>：</span>\n                                <div class=\"detail-house-value\">否</div>\n                            </div>\n                                                                                                            <div class=\"detail-house-item\">\n                                <div class=\"detail-house-key\">車位</div>\n                                <span>：</span>\n                                <div class=\"detail-house-value\">7.56坪，平面式，已含售金內</div>\n                            </div>\n                                                                        </div>\n                </div>', '1;2;4;5;6;', 4, '澄清湖特定區', 0, '2019-01-31 20:43:19', '2019-01-31 12:43:19', 0),
(60, '7385b368c4277aa3c512b11a713b0996', 1, '5789956', 275, 283, '鼎山街全新透天優質套房出售', '鼎山街188巷', 1, '11房11衛', 25, 1, 30, '整棟/4F', 0, '', 0, '', 72, 1800, '<div class=\"detail-house-box\">\n                    <div class=\"detail-house-name\">房屋資料</div>\n                    <div class=\"detail-house-content\">\n                                                                                <div class=\"detail-house-item\">\n                                <div class=\"detail-house-key\">現況</div>\n                                <span>：</span>\n                                <div class=\"detail-house-value\">套房</div>\n                            </div>\n                                                                                                            <div class=\"detail-house-item\">\n                                <div class=\"detail-house-key\">型態</div>\n                                <span>：</span>\n                                <div class=\"detail-house-value\">透天厝</div>\n                            </div>\n                                                                                                            <div class=\"detail-house-item\">\n                                <div class=\"detail-house-key\">裝潢程度</div>\n                                <span>：</span>\n                                <div class=\"detail-house-value\">中檔裝潢</div>\n                            </div>\n                                                                                                            <div class=\"detail-house-item\">\n                                <div class=\"detail-house-key\">管理費</div>\n                                <span>：</span>\n                                <div class=\"detail-house-value\">無</div>\n                            </div>\n                                                                                                            <div class=\"detail-house-item\">\n                                <div class=\"detail-house-key\">帶租約</div>\n                                <span>：</span>\n                                <div class=\"detail-house-value\">是</div>\n                            </div>\n                                                                        </div>\n                </div>', '1;2;4;5;6;7;', 4, '', 0, '2019-01-31 20:43:19', '2019-01-31 12:43:19', 0),
(61, 'c2c7acd9d58724b3d94b6d9ef6bc9456', 1, '5866338', 275, 284, '正對玉山／園區第一排／高樓層山海景觀豪宅', '東寧路', 4, '4房2廳3衛', 86.34, 1, 3, '19F/29F', 0, '8', 5424, '', 19.55, 1688, '<div class=\"detail-house-box\">\n                    <div class=\"detail-house-name\">房屋資料</div>\n                    <div class=\"detail-house-content\">\n                                                                                <div class=\"detail-house-item\">\n                                <div class=\"detail-house-key\">現況</div>\n                                <span>：</span>\n                                <div class=\"detail-house-value\">住宅</div>\n                            </div>\n                                                                                                            <div class=\"detail-house-item\">\n                                <div class=\"detail-house-key\">型態</div>\n                                <span>：</span>\n                                <div class=\"detail-house-value\">電梯大樓</div>\n                            </div>\n                                                                                                            <div class=\"detail-house-item\">\n                                <div class=\"detail-house-key\">裝潢程度</div>\n                                <span>：</span>\n                                <div class=\"detail-house-value\">高檔裝潢</div>\n                            </div>\n                                                                                                            <div class=\"detail-house-item\">\n                                <div class=\"detail-house-key\">管理費</div>\n                                <span>：</span>\n                                <div class=\"detail-house-value\">5424元</div>\n                            </div>\n                                                                                                            <div class=\"detail-house-item\">\n                                <div class=\"detail-house-key\">帶租約</div>\n                                <span>：</span>\n                                <div class=\"detail-house-value\">否</div>\n                            </div>\n                                                                                                            <div class=\"detail-house-item\">\n                                <div class=\"detail-house-key\">車位</div>\n                                <span>：</span>\n                                <div class=\"detail-house-value\">7.51坪，平面式，已含售金內</div>\n                            </div>\n                                                                                                            <div class=\"detail-house-item\">\n                                <div class=\"detail-house-key\">公設比</div>\n                                <span>：</span>\n                                <div class=\"detail-house-value\">33%</div>\n                            </div>\n                                                                        </div>\n                </div>', '1;2;4;5;6;', 4, '國家五項園區第一排', 0, '2019-01-31 20:43:19', '2019-01-31 12:43:19', 0),
(62, '93c7932767ac71962d66a4846dce98ac', 1, '5720848', 275, 278, '(我是曉曄)文化捷運站-全新4房雙平車', '河北路', 4, '4房2廳3衛', 115.09, 1, 2, '12F/27F', 0, '8', 0, '', 24.16, 2780, '<div class=\"detail-house-box\">\n                    <div class=\"detail-house-name\">房屋資料</div>\n                    <div class=\"detail-house-content\">\n                                                                                <div class=\"detail-house-item\">\n                                <div class=\"detail-house-key\">現況</div>\n                                <span>：</span>\n                                <div class=\"detail-house-value\">住宅</div>\n                            </div>\n                                                                                                            <div class=\"detail-house-item\">\n                                <div class=\"detail-house-key\">型態</div>\n                                <span>：</span>\n                                <div class=\"detail-house-value\">電梯大樓</div>\n                            </div>\n                                                                                                            <div class=\"detail-house-item\">\n                                <div class=\"detail-house-key\">裝潢程度</div>\n                                <span>：</span>\n                                <div class=\"detail-house-value\">尚未裝潢</div>\n                            </div>\n                                                                                                            <div class=\"detail-house-item\">\n                                <div class=\"detail-house-key\">帶租約</div>\n                                <span>：</span>\n                                <div class=\"detail-house-value\">否</div>\n                            </div>\n                                                                                                            <div class=\"detail-house-item\">\n                                <div class=\"detail-house-key\">法定用途</div>\n                                <span>：</span>\n                                <div class=\"detail-house-value\">住家用</div>\n                            </div>\n                                                                                                            <div class=\"detail-house-item\">\n                                <div class=\"detail-house-key\">車位</div>\n                                <span>：</span>\n                                <div class=\"detail-house-value\">11.1坪，平面式，已含售金內</div>\n                            </div>\n                                                                                                            <div class=\"detail-house-item\">\n                                <div class=\"detail-house-key\">公設比</div>\n                                <span>：</span>\n                                <div class=\"detail-house-value\">34%</div>\n                            </div>\n                                                                        </div>\n                </div>', '1;2;3;4;5;6;7;', 4, '', 0, '2019-01-31 20:43:19', '2019-01-31 12:43:19', 0),
(63, '07c458a16e67c11b39cc79382fee7641', 1, '5843427', 275, 283, '興富發悅誠百貨景觀小豪宅住商蔡卓翰', '順昌街', 1, '1房1廳1衛', 17.24, 0, 9, '10F/15F', 0, '7', 949, '', 20.3, 350, '<div class=\"detail-house-box\">\n                    <div class=\"detail-house-name\">房屋資料</div>\n                    <div class=\"detail-house-content\">\n                                                                                <div class=\"detail-house-item\">\n                                <div class=\"detail-house-key\">現況</div>\n                                <span>：</span>\n                                <div class=\"detail-house-value\">住宅</div>\n                            </div>\n                                                                                                            <div class=\"detail-house-item\">\n                                <div class=\"detail-house-key\">型態</div>\n                                <span>：</span>\n                                <div class=\"detail-house-value\">電梯大樓</div>\n                            </div>\n                                                                                                            <div class=\"detail-house-item\">\n                                <div class=\"detail-house-key\">裝潢程度</div>\n                                <span>：</span>\n                                <div class=\"detail-house-value\">簡易裝潢</div>\n                            </div>\n                                                                                                            <div class=\"detail-house-item\">\n                                <div class=\"detail-house-key\">管理費</div>\n                                <span>：</span>\n                                <div class=\"detail-house-value\">949元</div>\n                            </div>\n                                                                                                            <div class=\"detail-house-item\">\n                                <div class=\"detail-house-key\">帶租約</div>\n                                <span>：</span>\n                                <div class=\"detail-house-value\">否</div>\n                            </div>\n                                                                                                            <div class=\"detail-house-item\">\n                                <div class=\"detail-house-key\">法定用途</div>\n                                <span>：</span>\n                                <div class=\"detail-house-value\">住家用</div>\n                            </div>\n                                                                                                            <div class=\"detail-house-item\">\n                                <div class=\"detail-house-key\">車位</div>\n                                <span>：</span>\n                                <div class=\"detail-house-value\">無</div>\n                            </div>\n                                                                        </div>\n                </div>', '1;2;3;4;5;6;7;', 4, '加樂富', 0, '2019-01-31 20:43:19', '2019-01-31 12:43:19', 0),
(64, 'a3c8c7a007c0e713576e78ad7fe34ee5', 1, '5868771', 275, 305, '新陽光3房~88小港鳳山大寮交接處', '內坑路', 3, '3房2廳2衛', 32.64, 0, 21, '6F/17F', 0, '', 840, '', 10.97, 358, '<div class=\"detail-house-box\">\n                    <div class=\"detail-house-name\">房屋資料</div>\n                    <div class=\"detail-house-content\">\n                                                                                <div class=\"detail-house-item\">\n                                <div class=\"detail-house-key\">現況</div>\n                                <span>：</span>\n                                <div class=\"detail-house-value\">住宅</div>\n                            </div>\n                                                                                                            <div class=\"detail-house-item\">\n                                <div class=\"detail-house-key\">型態</div>\n                                <span>：</span>\n                                <div class=\"detail-house-value\">電梯大樓</div>\n                            </div>\n                                                                                                            <div class=\"detail-house-item\">\n                                <div class=\"detail-house-key\">裝潢程度</div>\n                                <span>：</span>\n                                <div class=\"detail-house-value\">簡易裝潢</div>\n                            </div>\n                                                                                                            <div class=\"detail-house-item\">\n                                <div class=\"detail-house-key\">管理費</div>\n                                <span>：</span>\n                                <div class=\"detail-house-value\">840元</div>\n                            </div>\n                                                                                                            <div class=\"detail-house-item\">\n                                <div class=\"detail-house-key\">帶租約</div>\n                                <span>：</span>\n                                <div class=\"detail-house-value\">否</div>\n                            </div>\n                                                                                                            <div class=\"detail-house-item\">\n                                <div class=\"detail-house-key\">法定用途</div>\n                                <span>：</span>\n                                <div class=\"detail-house-value\">住家用</div>\n                            </div>\n                                                                                                            <div class=\"detail-house-item\">\n                                <div class=\"detail-house-key\">車位</div>\n                                <span>：</span>\n                                <div class=\"detail-house-value\">無</div>\n                            </div>\n                                                                                                            <div class=\"detail-house-item\">\n                                <div class=\"detail-house-key\">公設比</div>\n                                <span>：</span>\n                                <div class=\"detail-house-value\">21%</div>\n                            </div>\n                                                                        </div>\n                </div>', '1;4;5;', 4, '歡喜鎮', 0, '2019-01-31 20:43:19', '2019-01-31 12:43:19', 0),
(65, 'c15786a1cf7b28b21c017dea14f985ae', 1, '5676626', 275, 283, '戀戀Love溫馨2房2廳1衛1陽台', '水源路217巷', 2, '2房2廳1衛', 27.42, 0, 6, '11F/22F', 0, '4', 1369, '', 21.81, 598, '<div class=\"detail-house-box\">\n                    <div class=\"detail-house-name\">房屋資料</div>\n                    <div class=\"detail-house-content\">\n                                                                                <div class=\"detail-house-item\">\n                                <div class=\"detail-house-key\">現況</div>\n                                <span>：</span>\n                                <div class=\"detail-house-value\">住宅</div>\n                            </div>\n                                                                                                            <div class=\"detail-house-item\">\n                                <div class=\"detail-house-key\">型態</div>\n                                <span>：</span>\n                                <div class=\"detail-house-value\">電梯大樓</div>\n                            </div>\n                                                                                                            <div class=\"detail-house-item\">\n                                <div class=\"detail-house-key\">裝潢程度</div>\n                                <span>：</span>\n                                <div class=\"detail-house-value\">中檔裝潢</div>\n                            </div>\n                                                                                                            <div class=\"detail-house-item\">\n                                <div class=\"detail-house-key\">管理費</div>\n                                <span>：</span>\n                                <div class=\"detail-house-value\">1369元</div>\n                            </div>\n                                                                                                            <div class=\"detail-house-item\">\n                                <div class=\"detail-house-key\">帶租約</div>\n                                <span>：</span>\n                                <div class=\"detail-house-value\">否</div>\n                            </div>\n                                                                                                            <div class=\"detail-house-item\">\n                                <div class=\"detail-house-key\">車位</div>\n                                <span>：</span>\n                                <div class=\"detail-house-value\">無</div>\n                            </div>\n                                                                        </div>\n                </div>', '1;2;4;5;6;7;', 4, '戀戀LOVE', 0, '2019-01-31 20:43:19', '2019-01-31 12:43:19', 0),
(66, 'a66f6c144f38df14eba2adcbcbb74904', 1, '5901190', 275, 283, '近中都美術館公寓5F生活機能佳陽光好屋', '力行路', 3, '3房2廳2衛', 37.3, 0, 33, '5F/5F', 0, '3', 0, '', 12.06, 450, '<div class=\"detail-house-box\">\n                    <div class=\"detail-house-name\">房屋資料</div>\n                    <div class=\"detail-house-content\">\n                                                                                <div class=\"detail-house-item\">\n                                <div class=\"detail-house-key\">現況</div>\n                                <span>：</span>\n                                <div class=\"detail-house-value\">住宅</div>\n                            </div>\n                                                                                                            <div class=\"detail-house-item\">\n                                <div class=\"detail-house-key\">型態</div>\n                                <span>：</span>\n                                <div class=\"detail-house-value\">公寓</div>\n                            </div>\n                                                                                                            <div class=\"detail-house-item\">\n                                <div class=\"detail-house-key\">裝潢程度</div>\n                                <span>：</span>\n                                <div class=\"detail-house-value\">簡易裝潢</div>\n                            </div>\n                                                                                                            <div class=\"detail-house-item\">\n                                <div class=\"detail-house-key\">管理費</div>\n                                <span>：</span>\n                                <div class=\"detail-house-value\">無</div>\n                            </div>\n                                                                                                            <div class=\"detail-house-item\">\n                                <div class=\"detail-house-key\">帶租約</div>\n                                <span>：</span>\n                                <div class=\"detail-house-value\">否</div>\n                            </div>\n                                                                                                            <div class=\"detail-house-item\">\n                                <div class=\"detail-house-key\">車位</div>\n                                <span>：</span>\n                                <div class=\"detail-house-value\">無</div>\n                            </div>\n                                                                                                            <div class=\"detail-house-item\">\n                                <div class=\"detail-house-key\">公設比</div>\n                                <span>：</span>\n                                <div class=\"detail-house-value\">12%</div>\n                            </div>\n                                                                        </div>\n                </div>', '1;2;3;4;5;7;', 4, '', 0, '2019-01-31 20:43:19', '2019-01-31 12:43:19', 0),
(67, 'face8d712476ff0dc95d1710f0ca73b5', 1, '5905858', 275, 284, '陽光都柏林#北歐簡約三房大平車#雙衛開窗', '興泰街', 3, '3房2廳2衛', 44.83, 1, 6, '6F/15F', 0, '4', 2064, '', 16.24, 728, '<div class=\"detail-house-box\">\n                    <div class=\"detail-house-name\">房屋資料</div>\n                    <div class=\"detail-house-content\">\n                                                                                <div class=\"detail-house-item\">\n                                <div class=\"detail-house-key\">現況</div>\n                                <span>：</span>\n                                <div class=\"detail-house-value\">住宅</div>\n                            </div>\n                                                                                                            <div class=\"detail-house-item\">\n                                <div class=\"detail-house-key\">型態</div>\n                                <span>：</span>\n                                <div class=\"detail-house-value\">電梯大樓</div>\n                            </div>\n                                                                                                            <div class=\"detail-house-item\">\n                                <div class=\"detail-house-key\">裝潢程度</div>\n                                <span>：</span>\n                                <div class=\"detail-house-value\">中檔裝潢</div>\n                            </div>\n                                                                                                            <div class=\"detail-house-item\">\n                                <div class=\"detail-house-key\">管理費</div>\n                                <span>：</span>\n                                <div class=\"detail-house-value\">2064元</div>\n                            </div>\n                                                                                                            <div class=\"detail-house-item\">\n                                <div class=\"detail-house-key\">帶租約</div>\n                                <span>：</span>\n                                <div class=\"detail-house-value\">否</div>\n                            </div>\n                                                                                                            <div class=\"detail-house-item\">\n                                <div class=\"detail-house-key\">法定用途</div>\n                                <span>：</span>\n                                <div class=\"detail-house-value\">住家用</div>\n                            </div>\n                                                                                                            <div class=\"detail-house-item\">\n                                <div class=\"detail-house-key\">車位</div>\n                                <span>：</span>\n                                <div class=\"detail-house-value\">7.3坪，平面式，已含售金內</div>\n                            </div>\n                                                                                                            <div class=\"detail-house-item\">\n                                <div class=\"detail-house-key\">公設比</div>\n                                <span>：</span>\n                                <div class=\"detail-house-value\">35%</div>\n                            </div>\n                                                                        </div>\n                </div>', '1;2;3;4;5;6;7;', 4, '陽光都柏林', 0, '2019-01-31 20:43:19', '2019-01-31 12:43:19', 0),
(68, 'd170914d81536159cb1828613534da47', 1, '5828718', 275, 282, '【景觀】輕軌Ｃ１站＊瑞祥高中-４房+平車', '籬仔內路29巷', 4, '4房2廳2衛', 56.24, 1, 4, '13F/15F', 0, '', 3467, '', 24.01, 1350, '<div class=\"detail-house-box\">\n                    <div class=\"detail-house-name\">房屋資料</div>\n                    <div class=\"detail-house-content\">\n                                                                                <div class=\"detail-house-item\">\n                                <div class=\"detail-house-key\">現況</div>\n                                <span>：</span>\n                                <div class=\"detail-house-value\">住宅</div>\n                            </div>\n                                                                                                            <div class=\"detail-house-item\">\n                                <div class=\"detail-house-key\">型態</div>\n                                <span>：</span>\n                                <div class=\"detail-house-value\">電梯大樓</div>\n                            </div>\n                                                                                                            <div class=\"detail-house-item\">\n                                <div class=\"detail-house-key\">裝潢程度</div>\n                                <span>：</span>\n                                <div class=\"detail-house-value\">尚未裝潢</div>\n                            </div>\n                                                                                                            <div class=\"detail-house-item\">\n                                <div class=\"detail-house-key\">管理費</div>\n                                <span>：</span>\n                                <div class=\"detail-house-value\">3467元</div>\n                            </div>\n                                                                                                            <div class=\"detail-house-item\">\n                                <div class=\"detail-house-key\">帶租約</div>\n                                <span>：</span>\n                                <div class=\"detail-house-value\">否</div>\n                            </div>\n                                                                                                            <div class=\"detail-house-item\">\n                                <div class=\"detail-house-key\">法定用途</div>\n                                <span>：</span>\n                                <div class=\"detail-house-value\">住家用</div>\n                            </div>\n                                                                                                            <div class=\"detail-house-item\">\n                                <div class=\"detail-house-key\">車位</div>\n                                <span>：</span>\n                                <div class=\"detail-house-value\">7.523坪，平面式，已含售金內</div>\n                            </div>\n                                                                                                            <div class=\"detail-house-item\">\n                                <div class=\"detail-house-key\">公設比</div>\n                                <span>：</span>\n                                <div class=\"detail-house-value\">35%</div>\n                            </div>\n                                                                        </div>\n                </div>', '', 4, '百達悅品(友友建設)', 0, '2019-01-31 20:43:19', '2019-01-31 12:43:19', 0),
(69, '20754447ca849b5d7910334648b3398b', 1, '5841107', 275, 280, '美術館最便宜-精美兩房-五年屋(車位可租', '九如四路', 2, '2房2廳1衛', 27.54, 0, 5, '9F/15F', 0, '1', 1488, '', 18.81, 518, '<div class=\"detail-house-box\">\n                    <div class=\"detail-house-name\">房屋資料</div>\n                    <div class=\"detail-house-content\">\n                                                                                <div class=\"detail-house-item\">\n                                <div class=\"detail-house-key\">現況</div>\n                                <span>：</span>\n                                <div class=\"detail-house-value\">住宅</div>\n                            </div>\n                                                                                                            <div class=\"detail-house-item\">\n                                <div class=\"detail-house-key\">型態</div>\n                                <span>：</span>\n                                <div class=\"detail-house-value\">電梯大樓</div>\n                            </div>\n                                                                                                            <div class=\"detail-house-item\">\n                                <div class=\"detail-house-key\">裝潢程度</div>\n                                <span>：</span>\n                                <div class=\"detail-house-value\">中檔裝潢</div>\n                            </div>\n                                                                                                            <div class=\"detail-house-item\">\n                                <div class=\"detail-house-key\">管理費</div>\n                                <span>：</span>\n                                <div class=\"detail-house-value\">1488元</div>\n                            </div>\n                                                                                                            <div class=\"detail-house-item\">\n                                <div class=\"detail-house-key\">帶租約</div>\n                                <span>：</span>\n                                <div class=\"detail-house-value\">否</div>\n                            </div>\n                                                                                                            <div class=\"detail-house-item\">\n                                <div class=\"detail-house-key\">法定用途</div>\n                                <span>：</span>\n                                <div class=\"detail-house-value\">住家用</div>\n                            </div>\n                                                                                                            <div class=\"detail-house-item\">\n                                <div class=\"detail-house-key\">車位</div>\n                                <span>：</span>\n                                <div class=\"detail-house-value\">無</div>\n                            </div>\n                                                                                                            <div class=\"detail-house-item\">\n                                <div class=\"detail-house-key\">公設比</div>\n                                <span>：</span>\n                                <div class=\"detail-house-value\">36%</div>\n                            </div>\n                                                                        </div>\n                </div>', '1;2;3;4;5;6;7;', 4, '美術川', 0, '2019-01-31 20:43:19', '2019-01-31 12:43:19', 0),
(70, '7327b0d721c4719159dfa8c25b7212a0', 1, '5915728', 275, 280, '【華人匯~我賠最多】農１６＊景觀+双平車', '裕誠路', 0, '開放式格局', 127.04, 1, 3, '23F/38F', 0, '', 8893, '', 25.03, 3180, '<div class=\"detail-house-box\">\n                    <div class=\"detail-house-name\">房屋資料</div>\n                    <div class=\"detail-house-content\">\n                                                                                <div class=\"detail-house-item\">\n                                <div class=\"detail-house-key\">現況</div>\n                                <span>：</span>\n                                <div class=\"detail-house-value\">住宅</div>\n                            </div>\n                                                                                                            <div class=\"detail-house-item\">\n                                <div class=\"detail-house-key\">型態</div>\n                                <span>：</span>\n                                <div class=\"detail-house-value\">電梯大樓</div>\n                            </div>\n                                                                                                            <div class=\"detail-house-item\">\n                                <div class=\"detail-house-key\">裝潢程度</div>\n                                <span>：</span>\n                                <div class=\"detail-house-value\">尚未裝潢</div>\n                            </div>\n                                                                                                            <div class=\"detail-house-item\">\n                                <div class=\"detail-house-key\">管理費</div>\n                                <span>：</span>\n                                <div class=\"detail-house-value\">8893元</div>\n                            </div>\n                                                                                                            <div class=\"detail-house-item\">\n                                <div class=\"detail-house-key\">帶租約</div>\n                                <span>：</span>\n                                <div class=\"detail-house-value\">否</div>\n                            </div>\n                                                                                                            <div class=\"detail-house-item\">\n                                <div class=\"detail-house-key\">法定用途</div>\n                                <span>：</span>\n                                <div class=\"detail-house-value\">住家用</div>\n                            </div>\n                                                                                                            <div class=\"detail-house-item\">\n                                <div class=\"detail-house-key\">車位</div>\n                                <span>：</span>\n                                <div class=\"detail-house-value\">11.95坪，平面式，已含售金內</div>\n                            </div>\n                                                                                                            <div class=\"detail-house-item\">\n                                <div class=\"detail-house-key\">公設比</div>\n                                <span>：</span>\n                                <div class=\"detail-house-value\">34%</div>\n                            </div>\n                                                                        </div>\n                </div>', '1;2;4;5;6;7;', 4, '華人匯', 0, '2019-01-31 20:43:19', '2019-01-31 12:43:19', 0),
(71, 'ac34beda756f4e5b1c4c39be0e2bc4e5', 1, '5919157', 275, 286, '投資急售【小吳專約】美裝潢採光棒衛浴開窗', '榮德街', 3, '3房2廳2衛', 31.3, 1, 11, '2F/14F', 0, '', 0, '', 20.38, 638, '<div class=\"detail-house-box\">\n                    <div class=\"detail-house-name\">房屋資料</div>\n                    <div class=\"detail-house-content\">\n                                                                                <div class=\"detail-house-item\">\n                                <div class=\"detail-house-key\">現況</div>\n                                <span>：</span>\n                                <div class=\"detail-house-value\">住宅</div>\n                            </div>\n                                                                                                            <div class=\"detail-house-item\">\n                                <div class=\"detail-house-key\">型態</div>\n                                <span>：</span>\n                                <div class=\"detail-house-value\">電梯大樓</div>\n                            </div>\n                                                                                                            <div class=\"detail-house-item\">\n                                <div class=\"detail-house-key\">裝潢程度</div>\n                                <span>：</span>\n                                <div class=\"detail-house-value\">簡易裝潢</div>\n                            </div>\n                                                                                                            <div class=\"detail-house-item\">\n                                <div class=\"detail-house-key\">帶租約</div>\n                                <span>：</span>\n                                <div class=\"detail-house-value\">否</div>\n                            </div>\n                                                                                                            <div class=\"detail-house-item\">\n                                <div class=\"detail-house-key\">法定用途</div>\n                                <span>：</span>\n                                <div class=\"detail-house-value\">住家用</div>\n                            </div>\n                                                                        </div>\n                </div>', '1;3;4;5;6;', 4, '高鐵', 0, '2019-01-31 20:43:19', '2019-01-31 12:43:19', 0),
(72, '31474f44756ac84d1a80fd433d76ef56', 1, '5769833', 275, 286, '漢神巨蛋新成屋3房平車『住商蔡卓翰』', '立信路', 3, '3房2廳2衛', 53.2, 1, 3, '7F/15F', 0, '', 3443, '', 27.41, 1458, '<div class=\"detail-house-box\">\n                    <div class=\"detail-house-name\">房屋資料</div>\n                    <div class=\"detail-house-content\">\n                                                                                <div class=\"detail-house-item\">\n                                <div class=\"detail-house-key\">現況</div>\n                                <span>：</span>\n                                <div class=\"detail-house-value\">住宅</div>\n                            </div>\n                                                                                                            <div class=\"detail-house-item\">\n                                <div class=\"detail-house-key\">型態</div>\n                                <span>：</span>\n                                <div class=\"detail-house-value\">電梯大樓</div>\n                            </div>\n                                                                                                            <div class=\"detail-house-item\">\n                                <div class=\"detail-house-key\">裝潢程度</div>\n                                <span>：</span>\n                                <div class=\"detail-house-value\">高檔裝潢</div>\n                            </div>\n                                                                                                            <div class=\"detail-house-item\">\n                                <div class=\"detail-house-key\">管理費</div>\n                                <span>：</span>\n                                <div class=\"detail-house-value\">3443元</div>\n                            </div>\n                                                                                                            <div class=\"detail-house-item\">\n                                <div class=\"detail-house-key\">帶租約</div>\n                                <span>：</span>\n                                <div class=\"detail-house-value\">否</div>\n                            </div>\n                                                                                                            <div class=\"detail-house-item\">\n                                <div class=\"detail-house-key\">法定用途</div>\n                                <span>：</span>\n                                <div class=\"detail-house-value\">住家用</div>\n                            </div>\n                                                                        </div>\n                </div>', '1;2;3;4;5;6;7;', 4, '松丰', 0, '2019-01-31 20:43:19', '2019-01-31 12:43:19', 0);
INSERT INTO `ex_main` (`id`, `unid`, `source`, `number`, `city`, `area`, `title`, `road`, `room`, `style`, `ping`, `parking`, `age`, `floor`, `type`, `direction`, `fee`, `builder`, `unit`, `price`, `description`, `around`, `status`, `community`, `view_num`, `add_time`, `update_time`, `is_closed`) VALUES
(73, '0ce91bb9bdf47b75de53188fd85a17b9', 1, '5807626', 275, 284, '【室內３９坪】超大美四房平車', '秀群路499巷', 4, '4房2廳2衛', 59.54, 1, 22, '6F/7F', 0, '8', 0, '', 11.72, 698, '<div class=\"detail-house-box\">\n                    <div class=\"detail-house-name\">房屋資料</div>\n                    <div class=\"detail-house-content\">\n                                                                                <div class=\"detail-house-item\">\n                                <div class=\"detail-house-key\">現況</div>\n                                <span>：</span>\n                                <div class=\"detail-house-value\">住宅</div>\n                            </div>\n                                                                                                            <div class=\"detail-house-item\">\n                                <div class=\"detail-house-key\">型態</div>\n                                <span>：</span>\n                                <div class=\"detail-house-value\">電梯大樓</div>\n                            </div>\n                                                                                                            <div class=\"detail-house-item\">\n                                <div class=\"detail-house-key\">裝潢程度</div>\n                                <span>：</span>\n                                <div class=\"detail-house-value\">簡易裝潢</div>\n                            </div>\n                                                                                                            <div class=\"detail-house-item\">\n                                <div class=\"detail-house-key\">帶租約</div>\n                                <span>：</span>\n                                <div class=\"detail-house-value\">否</div>\n                            </div>\n                                                                                                            <div class=\"detail-house-item\">\n                                <div class=\"detail-house-key\">法定用途</div>\n                                <span>：</span>\n                                <div class=\"detail-house-value\">住家用</div>\n                            </div>\n                                                                                                            <div class=\"detail-house-item\">\n                                <div class=\"detail-house-key\">公設比</div>\n                                <span>：</span>\n                                <div class=\"detail-house-value\">34%</div>\n                            </div>\n                                                                        </div>\n                </div>', '1;2;4;5;6;', 4, '加昌一期', 0, '2019-01-31 20:43:19', '2019-01-31 12:43:19', 0),
(74, 'b10175a80e2a393fb53b0b2370a9c9f2', 1, '5815665', 275, 286, '高鐵景觀樹海精品三房平車，雙併雙衛開窗', '大中二路', 3, '3房2廳2衛', 53.16, 1, 4, '8F/15F', 0, '4', 2851, '', 23.1, 1228, '<div class=\"detail-house-box\">\n                    <div class=\"detail-house-name\">房屋資料</div>\n                    <div class=\"detail-house-content\">\n                                                                                <div class=\"detail-house-item\">\n                                <div class=\"detail-house-key\">現況</div>\n                                <span>：</span>\n                                <div class=\"detail-house-value\">住宅</div>\n                            </div>\n                                                                                                            <div class=\"detail-house-item\">\n                                <div class=\"detail-house-key\">型態</div>\n                                <span>：</span>\n                                <div class=\"detail-house-value\">電梯大樓</div>\n                            </div>\n                                                                                                            <div class=\"detail-house-item\">\n                                <div class=\"detail-house-key\">裝潢程度</div>\n                                <span>：</span>\n                                <div class=\"detail-house-value\">高檔裝潢</div>\n                            </div>\n                                                                                                            <div class=\"detail-house-item\">\n                                <div class=\"detail-house-key\">管理費</div>\n                                <span>：</span>\n                                <div class=\"detail-house-value\">2851元</div>\n                            </div>\n                                                                                                            <div class=\"detail-house-item\">\n                                <div class=\"detail-house-key\">帶租約</div>\n                                <span>：</span>\n                                <div class=\"detail-house-value\">否</div>\n                            </div>\n                                                                                                            <div class=\"detail-house-item\">\n                                <div class=\"detail-house-key\">法定用途</div>\n                                <span>：</span>\n                                <div class=\"detail-house-value\">住家用</div>\n                            </div>\n                                                                                                            <div class=\"detail-house-item\">\n                                <div class=\"detail-house-key\">車位</div>\n                                <span>：</span>\n                                <div class=\"detail-house-value\">8.99坪，平面式，已含售金內</div>\n                            </div>\n                                                                                                            <div class=\"detail-house-item\">\n                                <div class=\"detail-house-key\">公設比</div>\n                                <span>：</span>\n                                <div class=\"detail-house-value\">35%</div>\n                            </div>\n                                                                        </div>\n                </div>', '', 4, '荷心苑', 0, '2019-01-31 20:43:19', '2019-01-31 12:43:19', 0),
(75, '4c6036d944b14d16a2fd71a993d41c50', 1, '5843258', 275, 282, '自售/育樂路/樹海景觀3+1房B1大平車', '育樂路', 4, '4房2廳2衛', 71.74, 1, 10, '6F/12F', 0, '3', 3945, '', 20.74, 1488, '<div class=\"detail-house-box\">\n                    <div class=\"detail-house-name\">房屋資料</div>\n                    <div class=\"detail-house-content\">\n                                                                                <div class=\"detail-house-item\">\n                                <div class=\"detail-house-key\">現況</div>\n                                <span>：</span>\n                                <div class=\"detail-house-value\">住宅</div>\n                            </div>\n                                                                                                            <div class=\"detail-house-item\">\n                                <div class=\"detail-house-key\">型態</div>\n                                <span>：</span>\n                                <div class=\"detail-house-value\">電梯大樓</div>\n                            </div>\n                                                                                                            <div class=\"detail-house-item\">\n                                <div class=\"detail-house-key\">裝潢程度</div>\n                                <span>：</span>\n                                <div class=\"detail-house-value\">中檔裝潢</div>\n                            </div>\n                                                                                                            <div class=\"detail-house-item\">\n                                <div class=\"detail-house-key\">管理費</div>\n                                <span>：</span>\n                                <div class=\"detail-house-value\">3945元</div>\n                            </div>\n                                                                                                            <div class=\"detail-house-item\">\n                                <div class=\"detail-house-key\">帶租約</div>\n                                <span>：</span>\n                                <div class=\"detail-house-value\">否</div>\n                            </div>\n                                                                                                            <div class=\"detail-house-item\">\n                                <div class=\"detail-house-key\">車位</div>\n                                <span>：</span>\n                                <div class=\"detail-house-value\">8.03坪，平面式，已含售金內</div>\n                            </div>\n                                                                                                            <div class=\"detail-house-item\">\n                                <div class=\"detail-house-key\">公設比</div>\n                                <span>：</span>\n                                <div class=\"detail-house-value\">33%</div>\n                            </div>\n                                                                        </div>\n                </div>', '1;2;3;4;6;7;', 4, '文化翡翠', 0, '2019-01-31 20:43:19', '2019-01-31 12:43:19', 0),
(76, 'a71d97081ba865f2f982438b2ef5272a', 1, '5882116', 275, 303, '湖內近明宗國小3年新別墅', '中正路一段205巷', 5, '5房2廳3衛', 58.11, 1, 3, '整棟/3F', 0, '2', 0, '', 17.17, 998, '<div class=\"detail-house-box\">\n                    <div class=\"detail-house-name\">房屋資料</div>\n                    <div class=\"detail-house-content\">\n                                                                                <div class=\"detail-house-item\">\n                                <div class=\"detail-house-key\">現況</div>\n                                <span>：</span>\n                                <div class=\"detail-house-value\">住宅</div>\n                            </div>\n                                                                                                            <div class=\"detail-house-item\">\n                                <div class=\"detail-house-key\">型態</div>\n                                <span>：</span>\n                                <div class=\"detail-house-value\">透天厝</div>\n                            </div>\n                                                                                                            <div class=\"detail-house-item\">\n                                <div class=\"detail-house-key\">裝潢程度</div>\n                                <span>：</span>\n                                <div class=\"detail-house-value\">簡易裝潢</div>\n                            </div>\n                                                                                                            <div class=\"detail-house-item\">\n                                <div class=\"detail-house-key\">帶租約</div>\n                                <span>：</span>\n                                <div class=\"detail-house-value\">否</div>\n                            </div>\n                                                                                                            <div class=\"detail-house-item\">\n                                <div class=\"detail-house-key\">法定用途</div>\n                                <span>：</span>\n                                <div class=\"detail-house-value\">住家用</div>\n                            </div>\n                                                                        </div>\n                </div>', '5;', 4, '', 0, '2019-01-31 20:43:19', '2019-01-31 12:43:19', 0),
(77, '43add54ca8385ef5723dabad0c2c0ed9', 2, '116672', 275, 287, '陽光樹', '大同一街156號', 0, '', 48, 0, 0, '', 0, '', 0, '鑫瑞寶開發建設', 0, 1188, '<ul class=\"clearfix stonefont\">\n                        \n                                                    <li><span>結構工程</span>RC\n                                                                    <i class=\"fa fa-question-circle fa_tooltip\" data-placement=\"top\" data-toggle=\"tooltip\" title=\"鋼筋混凝土結構\"></i>\n                                                                                            </li>\n                            <li><span>用途規劃</span>住家用</li>\n                            <li><span>棟戶規劃</span><em title=\"5棟，5戶住家\">5棟，5戶住家</em></li>\n                            <li><span>土地分區</span>第三種住宅區</li>\n                            <li><span>樓層規劃</span>地上4層</li>\n                            <li><span>停車方式</span>前院停車</li>\n                            <li><span>房數規劃</span>暫無</li>\n                            <li><span>管理費用</span>無管理費</li>\n                            <li><span>寬深規劃</span>面寬5-7米</li>\n                            <li>\n                                <span style=\"float: left;\">基地面積</span>\n                                200坪                                                            </li>\n                            <li>\n                                <span>交屋屋況</span>\n                                標準配備</li>\n                            <li>\n                                <span>建  蔽  率 </span>\n                                30.43%<i class=\"fa fa-question-circle fa_tooltip\" data-placement=\"top\" data-toggle=\"tooltip\" title=\"指建築基地上，建物的最大投影面積與建築基地面積的比值。\"></i>                                                            </li>\n                                                    <li class=\"orientation\"><span>座向規劃</span>朝南</li>\n                            <li class=\"building_materials\">\n                                <span>建材說明</span>\n                                <strong>\n                                    暫無                                </strong>\n                            </li>\n                                                </ul>', '11;16;17', 3, '', 0, '2019-01-31 21:04:25', '2019-01-31 13:04:25', 0),
(78, '359c846615d51c42384de1e38c5f37b3', 1, '5888825', 275, 304, '樓高好視野,近衛武營萬坪綠地,音樂廳', '凱旋路', 3, '3房2廳2衛', 35.69, 0, 26, '14F/14F', 0, '2', 1715, '', 15.69, 560, '<div class=\"detail-house-box\">\n                    <div class=\"detail-house-name\">房屋資料</div>\n                    <div class=\"detail-house-content\">\n                                                                                <div class=\"detail-house-item\">\n                                <div class=\"detail-house-key\">現況</div>\n                                <span>：</span>\n                                <div class=\"detail-house-value\">住宅</div>\n                            </div>\n                                                                                                            <div class=\"detail-house-item\">\n                                <div class=\"detail-house-key\">型態</div>\n                                <span>：</span>\n                                <div class=\"detail-house-value\">電梯大樓</div>\n                            </div>\n                                                                                                            <div class=\"detail-house-item\">\n                                <div class=\"detail-house-key\">裝潢程度</div>\n                                <span>：</span>\n                                <div class=\"detail-house-value\">簡易裝潢</div>\n                            </div>\n                                                                                                            <div class=\"detail-house-item\">\n                                <div class=\"detail-house-key\">管理費</div>\n                                <span>：</span>\n                                <div class=\"detail-house-value\">1715元</div>\n                            </div>\n                                                                                                            <div class=\"detail-house-item\">\n                                <div class=\"detail-house-key\">帶租約</div>\n                                <span>：</span>\n                                <div class=\"detail-house-value\">否</div>\n                            </div>\n                                                                                                            <div class=\"detail-house-item\">\n                                <div class=\"detail-house-key\">車位</div>\n                                <span>：</span>\n                                <div class=\"detail-house-value\">無</div>\n                            </div>\n                                                                        </div>\n                </div>', '1;2;4;5;7', 4, '現代京城', 0, '2019-01-31 21:04:25', '2019-01-31 13:04:25', 0),
(79, 'ea16a93d3fd73147bad8aabf80276a4f', 1, '5658113', 275, 283, '高雄火車捷運站鄰學區坐北朝南稀有景觀戶', '安寧街', 0, '開放式格局', 24, 0, 24, '9F/9F', 0, '4', 800, '', 23.25, 558, '<div class=\"detail-house-box\">\n                    <div class=\"detail-house-name\">房屋資料</div>\n                    <div class=\"detail-house-content\">\n                                                                                <div class=\"detail-house-item\">\n                                <div class=\"detail-house-key\">現況</div>\n                                <span>：</span>\n                                <div class=\"detail-house-value\">住宅</div>\n                            </div>\n                                                                                                            <div class=\"detail-house-item\">\n                                <div class=\"detail-house-key\">型態</div>\n                                <span>：</span>\n                                <div class=\"detail-house-value\">電梯大樓</div>\n                            </div>\n                                                                                                            <div class=\"detail-house-item\">\n                                <div class=\"detail-house-key\">裝潢程度</div>\n                                <span>：</span>\n                                <div class=\"detail-house-value\">簡易裝潢</div>\n                            </div>\n                                                                                                            <div class=\"detail-house-item\">\n                                <div class=\"detail-house-key\">管理費</div>\n                                <span>：</span>\n                                <div class=\"detail-house-value\">800元</div>\n                            </div>\n                                                                                                            <div class=\"detail-house-item\">\n                                <div class=\"detail-house-key\">帶租約</div>\n                                <span>：</span>\n                                <div class=\"detail-house-value\">否</div>\n                            </div>\n                                                                                                            <div class=\"detail-house-item\">\n                                <div class=\"detail-house-key\">車位</div>\n                                <span>：</span>\n                                <div class=\"detail-house-value\">無</div>\n                            </div>\n                                                                                                            <div class=\"detail-house-item\">\n                                <div class=\"detail-house-key\">公設比</div>\n                                <span>：</span>\n                                <div class=\"detail-house-value\">18%</div>\n                            </div>\n                                                                        </div>\n                </div>', '1;2;3;4;5;6;7', 4, '高雄火車站附近', 0, '2019-01-31 21:04:25', '2019-01-31 13:04:25', 0),
(80, '1fe6ce213c28e54baa07b3c05b980dd9', 2, '118447', 275, 287, '首席寬居II', '文學路一段62號', 4, '4~5房', 42, 0, 0, '', 0, '', 0, '漢典建設開發股份有限公司', 0, 938, '<ul class=\"clearfix stonefont\">\n                        \n                                                    <li><span>結構工程</span>RC\n                                                                    <i class=\"fa fa-question-circle fa_tooltip\" data-placement=\"top\" data-toggle=\"tooltip\" title=\"鋼筋混凝土結構\"></i>\n                                                                                            </li>\n                            <li><span>用途規劃</span>住商用</li>\n                            <li><span>棟戶規劃</span><em title=\"6棟，6戶住家\">6棟，6戶住家</em></li>\n                            <li><span>土地分區</span>住宅區</li>\n                            <li><span>樓層規劃</span>地上3層</li>\n                            <li><span>停車方式</span>前院停車</li>\n                            <li><span>房數規劃</span>4~5房</li>\n                            <li><span>管理費用</span>無管理費</li>\n                            <li><span>寬深規劃</span>暫無</li>\n                            <li>\n                                <span style=\"float: left;\">基地面積</span>\n                                126坪                                                            </li>\n                            <li>\n                                <span>交屋屋況</span>\n                                標準配備</li>\n                            <li>\n                                <span>建  蔽  率 </span>\n                                60%<i class=\"fa fa-question-circle fa_tooltip\" data-placement=\"top\" data-toggle=\"tooltip\" title=\"指建築基地上，建物的最大投影面積與建築基地面積的比值。\"></i>                                                            </li>\n                                                    <li class=\"orientation\"><span>座向規劃</span>朝東北、朝東南</li>\n                            <li class=\"building_materials\">\n                                <span>建材說明</span>\n                                <strong>\n                                    暫無                                </strong>\n                            </li>\n                                                </ul>', '16;17', 3, '', 0, '2019-01-31 21:04:25', '2019-01-31 13:04:25', 0),
(81, '7071eb80e26e331d8488919dd3738a36', 1, '5843666', 275, 279, '出價談駁二藝術優質屋新雙主臥四房平車', '五福四路', 4, '4房2廳3衛', 66.75, 1, 3, '8F/15F', 0, '', 4304, '', 29.66, 1980, '<div class=\"detail-house-box\">\n                    <div class=\"detail-house-name\">房屋資料</div>\n                    <div class=\"detail-house-content\">\n                                                                                <div class=\"detail-house-item\">\n                                <div class=\"detail-house-key\">現況</div>\n                                <span>：</span>\n                                <div class=\"detail-house-value\">住宅</div>\n                            </div>\n                                                                                                            <div class=\"detail-house-item\">\n                                <div class=\"detail-house-key\">型態</div>\n                                <span>：</span>\n                                <div class=\"detail-house-value\">電梯大樓</div>\n                            </div>\n                                                                                                            <div class=\"detail-house-item\">\n                                <div class=\"detail-house-key\">裝潢程度</div>\n                                <span>：</span>\n                                <div class=\"detail-house-value\">簡易裝潢</div>\n                            </div>\n                                                                                                            <div class=\"detail-house-item\">\n                                <div class=\"detail-house-key\">管理費</div>\n                                <span>：</span>\n                                <div class=\"detail-house-value\">4304元</div>\n                            </div>\n                                                                                                            <div class=\"detail-house-item\">\n                                <div class=\"detail-house-key\">帶租約</div>\n                                <span>：</span>\n                                <div class=\"detail-house-value\">否</div>\n                            </div>\n                                                                                                            <div class=\"detail-house-item\">\n                                <div class=\"detail-house-key\">法定用途</div>\n                                <span>：</span>\n                                <div class=\"detail-house-value\">住家用</div>\n                            </div>\n                                                                                                            <div class=\"detail-house-item\">\n                                <div class=\"detail-house-key\">公設比</div>\n                                <span>：</span>\n                                <div class=\"detail-house-value\">37%</div>\n                            </div>\n                                                                        </div>\n                </div>', '1;2;3;4;5;6;7', 4, '港灣麗池', 0, '2019-01-31 21:04:25', '2019-01-31 13:04:25', 0),
(82, 'a21266417a781cd3dccce6c70afd5b83', 2, '5878560', 275, 286, '美術悅誠預售屋18.8萬/坪', '鼓山三路', 2, '2房1廳1衛', 25.99, 1, 0, '12F/18F', 0, '8', 1300, '', 18.81, 629, '<div class=\"detail-house-box\">\n                    <div class=\"detail-house-name\">房屋資料</div>\n                    <div class=\"detail-house-content\">\n                                                                                <div class=\"detail-house-item\">\n                                <div class=\"detail-house-key\">現況</div>\n                                <span>：</span>\n                                <div class=\"detail-house-value\">住宅</div>\n                            </div>\n                                                                                                            <div class=\"detail-house-item\">\n                                <div class=\"detail-house-key\">型態</div>\n                                <span>：</span>\n                                <div class=\"detail-house-value\">電梯大樓</div>\n                            </div>\n                                                                                                            <div class=\"detail-house-item\">\n                                <div class=\"detail-house-key\">裝潢程度</div>\n                                <span>：</span>\n                                <div class=\"detail-house-value\">尚未裝潢</div>\n                            </div>\n                                                                                                            <div class=\"detail-house-item\">\n                                <div class=\"detail-house-key\">管理費</div>\n                                <span>：</span>\n                                <div class=\"detail-house-value\">1300元</div>\n                            </div>\n                                                                                                            <div class=\"detail-house-item\">\n                                <div class=\"detail-house-key\">帶租約</div>\n                                <span>：</span>\n                                <div class=\"detail-house-value\">否</div>\n                            </div>\n                                                                                                            <div class=\"detail-house-item\">\n                                <div class=\"detail-house-key\">公設比</div>\n                                <span>：</span>\n                                <div class=\"detail-house-value\">35%</div>\n                            </div>\n                                                                        </div>\n                </div>', '4;5', 3, '美術新天地悅誠', 0, '2019-01-31 21:04:25', '2019-01-31 13:04:25', 0),
(83, '5bd3955fc748ffe27ddf4ed9b948ee1d', 1, '5896253', 275, 280, '瑞豐商圈-雙車墅透天-整棟翻新5大房', '華榮路', 5, '5房2廳5衛', 60.13, 1, 30, '整棟/4F', 0, '6', 0, '', 27.94, 1680, '<div class=\"detail-house-box\">\n                    <div class=\"detail-house-name\">房屋資料</div>\n                    <div class=\"detail-house-content\">\n                                                                                <div class=\"detail-house-item\">\n                                <div class=\"detail-house-key\">現況</div>\n                                <span>：</span>\n                                <div class=\"detail-house-value\">住宅</div>\n                            </div>\n                                                                                                            <div class=\"detail-house-item\">\n                                <div class=\"detail-house-key\">型態</div>\n                                <span>：</span>\n                                <div class=\"detail-house-value\">別墅</div>\n                            </div>\n                                                                                                            <div class=\"detail-house-item\">\n                                <div class=\"detail-house-key\">裝潢程度</div>\n                                <span>：</span>\n                                <div class=\"detail-house-value\">尚未裝潢</div>\n                            </div>\n                                                                                                            <div class=\"detail-house-item\">\n                                <div class=\"detail-house-key\">管理費</div>\n                                <span>：</span>\n                                <div class=\"detail-house-value\">無</div>\n                            </div>\n                                                                                                            <div class=\"detail-house-item\">\n                                <div class=\"detail-house-key\">帶租約</div>\n                                <span>：</span>\n                                <div class=\"detail-house-value\">否</div>\n                            </div>\n                                                                                                            <div class=\"detail-house-item\">\n                                <div class=\"detail-house-key\">法定用途</div>\n                                <span>：</span>\n                                <div class=\"detail-house-value\">住家用</div>\n                            </div>\n                                                                                                            <div class=\"detail-house-item\">\n                                <div class=\"detail-house-key\">公設比</div>\n                                <span>：</span>\n                                <div class=\"detail-house-value\">25%</div>\n                            </div>\n                                                                        </div>\n                </div>', '1;2;3;4;5;7', 4, '', 0, '2019-01-31 21:04:25', '2019-01-31 13:04:25', 0),
(84, 'cc6640468aa7d61b3a14cf2ae12380f9', 1, '5845260', 275, 283, '高雄火車站四房44坪。捷運+車位+看壽山', '三德西街', 4, '4房2廳2衛', 44.23, 1, 22, '10F/10F', 0, '3', 1875, '', 15.13, 799, '<div class=\"detail-house-box\">\n                    <div class=\"detail-house-name\">房屋資料</div>\n                    <div class=\"detail-house-content\">\n                                                                                <div class=\"detail-house-item\">\n                                <div class=\"detail-house-key\">現況</div>\n                                <span>：</span>\n                                <div class=\"detail-house-value\">住宅</div>\n                            </div>\n                                                                                                            <div class=\"detail-house-item\">\n                                <div class=\"detail-house-key\">型態</div>\n                                <span>：</span>\n                                <div class=\"detail-house-value\">電梯大樓</div>\n                            </div>\n                                                                                                            <div class=\"detail-house-item\">\n                                <div class=\"detail-house-key\">裝潢程度</div>\n                                <span>：</span>\n                                <div class=\"detail-house-value\">中檔裝潢</div>\n                            </div>\n                                                                                                            <div class=\"detail-house-item\">\n                                <div class=\"detail-house-key\">管理費</div>\n                                <span>：</span>\n                                <div class=\"detail-house-value\">1875元</div>\n                            </div>\n                                                                                                            <div class=\"detail-house-item\">\n                                <div class=\"detail-house-key\">帶租約</div>\n                                <span>：</span>\n                                <div class=\"detail-house-value\">否</div>\n                            </div>\n                                                                                                            <div class=\"detail-house-item\">\n                                <div class=\"detail-house-key\">車位</div>\n                                <span>：</span>\n                                <div class=\"detail-house-value\">3坪，機械式，已含售金內</div>\n                            </div>\n                                                                                                            <div class=\"detail-house-item\">\n                                <div class=\"detail-house-key\">公設比</div>\n                                <span>：</span>\n                                <div class=\"detail-house-value\">29%</div>\n                            </div>\n                                                                        </div>\n                </div>', '1;2;4;5;7', 4, '禾昇大郡', 0, '2019-01-31 21:04:25', '2019-01-31 13:04:25', 0),
(85, '38d3237ce33a9fbfb794ca3d6240b4f1', 1, '5645893', 275, 278, '自售收益7-9%高雄85大樓景觀屋', '自強三路', 1, '1房1廳1衛', 15.17, 0, 20, '20F/85F', 0, '4', 0, '', 31.64, 480, '<div class=\"detail-house-box\">\n                    <div class=\"detail-house-name\">房屋資料</div>\n                    <div class=\"detail-house-content\">\n                                                                                <div class=\"detail-house-item\">\n                                <div class=\"detail-house-key\">現況</div>\n                                <span>：</span>\n                                <div class=\"detail-house-value\">住宅</div>\n                            </div>\n                                                                                                            <div class=\"detail-house-item\">\n                                <div class=\"detail-house-key\">型態</div>\n                                <span>：</span>\n                                <div class=\"detail-house-value\">電梯大樓</div>\n                            </div>\n                                                                                                            <div class=\"detail-house-item\">\n                                <div class=\"detail-house-key\">裝潢程度</div>\n                                <span>：</span>\n                                <div class=\"detail-house-value\">高檔裝潢</div>\n                            </div>\n                                                                                                            <div class=\"detail-house-item\">\n                                <div class=\"detail-house-key\">帶租約</div>\n                                <span>：</span>\n                                <div class=\"detail-house-value\">是</div>\n                            </div>\n                                                                                                            <div class=\"detail-house-item\">\n                                <div class=\"detail-house-key\">車位</div>\n                                <span>：</span>\n                                <div class=\"detail-house-value\">無</div>\n                            </div>\n                                                                        </div>\n                </div>', '', 4, '', 0, '2019-01-31 21:04:25', '2019-01-31 13:04:25', 0),
(86, '555fb8f36aeedb1d7ed777dc9c88d0f3', 2, '117333', 275, 278, 'Hygge', '民權一路與永富街口', 3, '3~4房', 38, 0, 0, '', 0, '', 0, '和欣國際、揚慶建設、甲六園建設', 28, 1138, '<ul class=\"clearfix stonefont\">\n                        \n                                                    <li><span>公  設  比</span>33.8%<i class=\"fa fa-question-circle fa_tooltip\" data-placement=\"top\" data-toggle=\"tooltip\" title=\"為建物權狀中共用部分的持分坪數/建物總坪數\"></i></li>\n                            <li><span>棟戶規劃</span><em title=\"1棟，171戶住家，1戶店面，6戶辦公室\">1棟，171戶住家，1戶店面，6戶辦公室</em></li>\n                            <li>\n                                <span style=\"float: left;\">建  蔽  率 </span>\n                                52.65%<i class=\"fa fa-question-circle fa_tooltip\" data-placement=\"top\" data-toggle=\"tooltip\" title=\"指建築基地上，建物的最大投影面積與建築基地面積的比值。\"></i>                                                            </li>\n                            <li><span>樓層規劃</span>地上28層，地下6層</li>\n                            <li><span>車位規劃</span>平面式166個、機械式40個</li>\n                            <li><span>管理費用</span>65元/坪/月</li>\n                            <li><span>車位配比</span>1:1.16<i class=\"fa fa-question-circle fa_tooltip\" data-placement=\"top\" data-toggle=\"tooltip\" title=\"每位住戶可以分配到的車位數\"></i></li>\n                            <li><span>結構工程</span>SRC\n                                                                    <i class=\"fa fa-question-circle fa_tooltip\" data-placement=\"top\" data-toggle=\"tooltip\" title=\"鋼骨鋼筋混凝土結構\"></i>\n                                                                                            </li>\n                            <li>\n                                <span style=\"float: left;\">基地面積</span>\n                                644.32坪                                                            </li>\n                            <li><span>用途規劃</span>住家用</li>\n                            <li><span>交屋屋況</span>標準配備</li>\n                            <li><span>土地分區</span>第五種商業區 </li>\n                                                        <li class=\"orientation\"><span>座向規劃</span>朝北、朝南、朝西</li>\n                            <li class=\"building_materials\">\n                                <span>建材說明</span>\n                                <strong>\n                                    筏式基礎、日本住友制震系統、耐震熱軋加釩鋼筋、SA級鋼筋續接器並交錯續接、住家室內採隔音浮動地板、預留全熱交換器管槽(淨化空氣)、Panasonic廚具、INAX衛浴、80*80cm拋光地磚、全棟5年防水保固、中央砂濾過濾系統                                </strong>\n                            </li>\n                                                            <li class=\"facility\">\n                                    <span>公共設施</span>\n                                    <div class=\"facility_box\">\n                                                                                    <i class=\"icon_1\">接待大廳</i>                                                                                    <i class=\"icon_4\">空中花園</i>                                                                                    <i class=\"icon_6\">交誼廳</i>                                                                                    <i class=\"icon_12\">健身房</i>                                                                                    <i class=\"icon_16\">親子遊戲區</i>                                                                                    <i class=\"icon_22\">廚藝教室</i>                                                                                    <i class=\"icon_23\">信箱區</i>                                                                                    <i class=\"icon_24\">曬被區</i>                                                                            </div>\n                                </li>\n                                                </ul>', '4;9;10;12;15;17', 3, '', 0, '2019-01-31 21:31:44', '2019-01-31 13:31:44', 0),
(87, '217e26f3070cd0f5a3007c159d8ca962', 2, '112238', 275, 286, 'BEST巨蛋核心城II', '崇德路302號', 0, '', 41, 0, 0, '', 0, '', 0, '晟揚建設', 26, 1200, '<ul class=\"clearfix stonefont\">\n                        \n                                                    <li><span>公  設  比</span>35.5%<i class=\"fa fa-question-circle fa_tooltip\" data-placement=\"top\" data-toggle=\"tooltip\" title=\"為建物權狀中共用部分的持分坪數/建物總坪數\"></i></li>\n                            <li><span>棟戶規劃</span><em title=\"2棟，101戶住家，4戶店面\">2棟，101戶住家，4戶店面</em></li>\n                            <li>\n                                <span style=\"float: left;\">建  蔽  率 </span>\n                                47.98%<i class=\"fa fa-question-circle fa_tooltip\" data-placement=\"top\" data-toggle=\"tooltip\" title=\"指建築基地上，建物的最大投影面積與建築基地面積的比值。\"></i>                                                            </li>\n                            <li><span>樓層規劃</span>地上22,23層，地下5層</li>\n                            <li><span>車位規劃</span>平面式107個</li>\n                            <li><span>管理費用</span>待定</li>\n                            <li><span>車位配比</span>1:1.02<i class=\"fa fa-question-circle fa_tooltip\" data-placement=\"top\" data-toggle=\"tooltip\" title=\"每位住戶可以分配到的車位數\"></i></li>\n                            <li><span>結構工程</span>暫無                            </li>\n                            <li>\n                                <span style=\"float: left;\">基地面積</span>\n                                527坪                                                            </li>\n                            <li><span>用途規劃</span>住家用</li>\n                            <li><span>交屋屋況</span>標準配備</li>\n                            <li><span>土地分區</span>暫無</li>\n                                                        <li class=\"orientation\"><span>座向規劃</span>朝北、朝南、朝西、朝東、朝西北、朝西南、朝東北、朝東南</li>\n                            <li class=\"building_materials\">\n                                <span>建材說明</span>\n                                <strong>\n                                    暫無                                </strong>\n                            </li>\n                                                            <li class=\"facility\">\n                                    <span>公共設施</span>\n                                    <div class=\"facility_box\">\n                                                                                    <i class=\"icon_1\">接待大廳</i>                                                                                    <i class=\"icon_3\">中庭花園</i>                                                                                    <i class=\"icon_4\">空中花園</i>                                                                                    <i class=\"icon_6\">交誼廳</i>                                                                                    <i class=\"icon_12\">健身房</i>                                                                                    <i class=\"icon_22\">廚藝教室</i>                                                                                    <i class=\"icon_24\">曬被區</i>                                                                            </div>\n                                </li>\n                                                </ul>', '4;15;16;17;18', 3, '', 0, '2019-01-31 21:31:44', '2019-01-31 13:31:44', 0),
(88, '98198c0b77bc90550b645e2a4698a597', 1, '5645895', 275, 278, '高雄85大樓無敵海景高投報高樓層', '自強三路', 1, '1房1廳1衛', 15.35, 0, 20, '28F/85F', 0, '2', 0, '', 35.83, 550, '<div class=\"detail-house-box\">\n                    <div class=\"detail-house-name\">房屋資料</div>\n                    <div class=\"detail-house-content\">\n                                                                                <div class=\"detail-house-item\">\n                                <div class=\"detail-house-key\">現況</div>\n                                <span>：</span>\n                                <div class=\"detail-house-value\">套房</div>\n                            </div>\n                                                                                                            <div class=\"detail-house-item\">\n                                <div class=\"detail-house-key\">型態</div>\n                                <span>：</span>\n                                <div class=\"detail-house-value\">電梯大樓</div>\n                            </div>\n                                                                                                            <div class=\"detail-house-item\">\n                                <div class=\"detail-house-key\">裝潢程度</div>\n                                <span>：</span>\n                                <div class=\"detail-house-value\">簡易裝潢</div>\n                            </div>\n                                                                                                            <div class=\"detail-house-item\">\n                                <div class=\"detail-house-key\">帶租約</div>\n                                <span>：</span>\n                                <div class=\"detail-house-value\">否</div>\n                            </div>\n                                                                                                            <div class=\"detail-house-item\">\n                                <div class=\"detail-house-key\">車位</div>\n                                <span>：</span>\n                                <div class=\"detail-house-value\">無</div>\n                            </div>\n                                                                        </div>\n                </div>', '', 3, '', 0, '2019-01-31 21:31:44', '2019-01-31 13:31:44', 0),
(89, '6ac875a390a7c7da7d4c8152569bbc00', 1, '5677123', 275, 283, '賠售大昌商圈12%超低公設大3房', '大昌二路', 3, '3房2廳2衛', 43.81, 0, 29, '5F/16F', 0, '', 1800, '', 13.42, 588, '<div class=\"detail-house-box\">\n                    <div class=\"detail-house-name\">房屋資料</div>\n                    <div class=\"detail-house-content\">\n                                                                                <div class=\"detail-house-item\">\n                                <div class=\"detail-house-key\">現況</div>\n                                <span>：</span>\n                                <div class=\"detail-house-value\">住宅</div>\n                            </div>\n                                                                                                            <div class=\"detail-house-item\">\n                                <div class=\"detail-house-key\">型態</div>\n                                <span>：</span>\n                                <div class=\"detail-house-value\">電梯大樓</div>\n                            </div>\n                                                                                                            <div class=\"detail-house-item\">\n                                <div class=\"detail-house-key\">裝潢程度</div>\n                                <span>：</span>\n                                <div class=\"detail-house-value\">尚未裝潢</div>\n                            </div>\n                                                                                                            <div class=\"detail-house-item\">\n                                <div class=\"detail-house-key\">管理費</div>\n                                <span>：</span>\n                                <div class=\"detail-house-value\">1800元</div>\n                            </div>\n                                                                                                            <div class=\"detail-house-item\">\n                                <div class=\"detail-house-key\">帶租約</div>\n                                <span>：</span>\n                                <div class=\"detail-house-value\">否</div>\n                            </div>\n                                                                                                            <div class=\"detail-house-item\">\n                                <div class=\"detail-house-key\">車位</div>\n                                <span>：</span>\n                                <div class=\"detail-house-value\">無</div>\n                            </div>\n                                                                                                            <div class=\"detail-house-item\">\n                                <div class=\"detail-house-key\">公設比</div>\n                                <span>：</span>\n                                <div class=\"detail-house-value\">12%</div>\n                            </div>\n                                                                        </div>\n                </div>', '1;2;3;4;5;6;7', 3, '鑽石雙星', 0, '2019-01-31 21:31:44', '2019-01-31 13:31:44', 0);
INSERT INTO `ex_main` (`id`, `unid`, `source`, `number`, `city`, `area`, `title`, `road`, `room`, `style`, `ping`, `parking`, `age`, `floor`, `type`, `direction`, `fee`, `builder`, `unit`, `price`, `description`, `around`, `status`, `community`, `view_num`, `add_time`, `update_time`, `is_closed`) VALUES
(90, '9b47d540a81b27a40f388d4356d5ba86', 1, '5837093', 275, 286, '大降價~~戀戀愛情海浪漫景觀三房雙衛開窗', '海明街', 3, '3房2廳2衛', 39.23, 0, 11, '6F/15F', 0, '2', 1373, '', 15.24, 598, '<div class=\"detail-house-box\">\n                    <div class=\"detail-house-name\">房屋資料</div>\n                    <div class=\"detail-house-content\">\n                                                                                <div class=\"detail-house-item\">\n                                <div class=\"detail-house-key\">現況</div>\n                                <span>：</span>\n                                <div class=\"detail-house-value\">住宅</div>\n                            </div>\n                                                                                                            <div class=\"detail-house-item\">\n                                <div class=\"detail-house-key\">型態</div>\n                                <span>：</span>\n                                <div class=\"detail-house-value\">電梯大樓</div>\n                            </div>\n                                                                                                            <div class=\"detail-house-item\">\n                                <div class=\"detail-house-key\">裝潢程度</div>\n                                <span>：</span>\n                                <div class=\"detail-house-value\">簡易裝潢</div>\n                            </div>\n                                                                                                            <div class=\"detail-house-item\">\n                                <div class=\"detail-house-key\">管理費</div>\n                                <span>：</span>\n                                <div class=\"detail-house-value\">1373元</div>\n                            </div>\n                                                                                                            <div class=\"detail-house-item\">\n                                <div class=\"detail-house-key\">帶租約</div>\n                                <span>：</span>\n                                <div class=\"detail-house-value\">否</div>\n                            </div>\n                                                                                                            <div class=\"detail-house-item\">\n                                <div class=\"detail-house-key\">法定用途</div>\n                                <span>：</span>\n                                <div class=\"detail-house-value\">住家用</div>\n                            </div>\n                                                                                                            <div class=\"detail-house-item\">\n                                <div class=\"detail-house-key\">車位</div>\n                                <span>：</span>\n                                <div class=\"detail-house-value\">無</div>\n                            </div>\n                                                                                                            <div class=\"detail-house-item\">\n                                <div class=\"detail-house-key\">公設比</div>\n                                <span>：</span>\n                                <div class=\"detail-house-value\">32%</div>\n                            </div>\n                                                                        </div>\n                </div>', '1;2;3;4;5;6;7', 3, '戀戀愛情海', 0, '2019-01-31 21:31:44', '2019-01-31 13:31:44', 0),
(91, '14e8f26933d5d82e83cec23330896f8f', 1, '5755671', 275, 283, '火車站、高雄中學，交通便利，挑高3.6米', '河北二路', 0, '開放式格局', 14.39, 0, 8, '10F/12F', 0, '4', 1000, '', 23.35, 336, '<div class=\"detail-house-box\">\n                    <div class=\"detail-house-name\">房屋資料</div>\n                    <div class=\"detail-house-content\">\n                                                                                <div class=\"detail-house-item\">\n                                <div class=\"detail-house-key\">現況</div>\n                                <span>：</span>\n                                <div class=\"detail-house-value\">套房</div>\n                            </div>\n                                                                                                            <div class=\"detail-house-item\">\n                                <div class=\"detail-house-key\">型態</div>\n                                <span>：</span>\n                                <div class=\"detail-house-value\">電梯大樓</div>\n                            </div>\n                                                                                                            <div class=\"detail-house-item\">\n                                <div class=\"detail-house-key\">裝潢程度</div>\n                                <span>：</span>\n                                <div class=\"detail-house-value\">尚未裝潢</div>\n                            </div>\n                                                                                                            <div class=\"detail-house-item\">\n                                <div class=\"detail-house-key\">管理費</div>\n                                <span>：</span>\n                                <div class=\"detail-house-value\">1000元</div>\n                            </div>\n                                                                                                            <div class=\"detail-house-item\">\n                                <div class=\"detail-house-key\">帶租約</div>\n                                <span>：</span>\n                                <div class=\"detail-house-value\">否</div>\n                            </div>\n                                                                                                            <div class=\"detail-house-item\">\n                                <div class=\"detail-house-key\">車位</div>\n                                <span>：</span>\n                                <div class=\"detail-house-value\">無</div>\n                            </div>\n                                                                                                            <div class=\"detail-house-item\">\n                                <div class=\"detail-house-key\">公設比</div>\n                                <span>：</span>\n                                <div class=\"detail-house-value\">36%</div>\n                            </div>\n                                                                        </div>\n                </div>', '1;4;5', 3, '幸福川', 0, '2019-01-31 21:31:44', '2019-01-31 13:31:44', 0),
(92, '42d088b753b7ff5c2473f7def3bb4b44', 1, '5824087', 275, 304, '移民自售，進口原木家具，冷氣全送。', '保安二街142巷', 4, '4房2廳3衛', 56.16, 1, 18, '整棟/4F', 0, '', 0, '', 26.35, 1480, '<div class=\"detail-house-box\">\n                    <div class=\"detail-house-name\">房屋資料</div>\n                    <div class=\"detail-house-content\">\n                                                                                <div class=\"detail-house-item\">\n                                <div class=\"detail-house-key\">現況</div>\n                                <span>：</span>\n                                <div class=\"detail-house-value\">住宅</div>\n                            </div>\n                                                                                                            <div class=\"detail-house-item\">\n                                <div class=\"detail-house-key\">型態</div>\n                                <span>：</span>\n                                <div class=\"detail-house-value\">透天厝</div>\n                            </div>\n                                                                                                            <div class=\"detail-house-item\">\n                                <div class=\"detail-house-key\">裝潢程度</div>\n                                <span>：</span>\n                                <div class=\"detail-house-value\">簡易裝潢</div>\n                            </div>\n                                                                                                            <div class=\"detail-house-item\">\n                                <div class=\"detail-house-key\">管理費</div>\n                                <span>：</span>\n                                <div class=\"detail-house-value\">無</div>\n                            </div>\n                                                                                                            <div class=\"detail-house-item\">\n                                <div class=\"detail-house-key\">帶租約</div>\n                                <span>：</span>\n                                <div class=\"detail-house-value\">否</div>\n                            </div>\n                                                                                                            <div class=\"detail-house-item\">\n                                <div class=\"detail-house-key\">車位</div>\n                                <span>：</span>\n                                <div class=\"detail-house-value\">2坪，平面式，已含售金內</div>\n                            </div>\n                                                                        </div>\n                </div>', '1;2;3;4;5;6;7', 3, '', 0, '2019-01-31 21:31:44', '2019-01-31 13:31:44', 0),
(93, 'a9f40e4d836f7487e63b888dfb99bc38', 1, '5777827', 275, 287, '5年屋仁武寶雅休閒公園4樓車墅透天', '同和路', 4, '4房2廳4衛', 47, 1, 5, '整棟/4F', 0, '', 0, '', 22.72, 1068, '<div class=\"detail-house-box\">\n                    <div class=\"detail-house-name\">房屋資料</div>\n                    <div class=\"detail-house-content\">\n                                                                                <div class=\"detail-house-item\">\n                                <div class=\"detail-house-key\">現況</div>\n                                <span>：</span>\n                                <div class=\"detail-house-value\">住宅</div>\n                            </div>\n                                                                                                            <div class=\"detail-house-item\">\n                                <div class=\"detail-house-key\">型態</div>\n                                <span>：</span>\n                                <div class=\"detail-house-value\">透天厝</div>\n                            </div>\n                                                                                                            <div class=\"detail-house-item\">\n                                <div class=\"detail-house-key\">裝潢程度</div>\n                                <span>：</span>\n                                <div class=\"detail-house-value\">簡易裝潢</div>\n                            </div>\n                                                                                                            <div class=\"detail-house-item\">\n                                <div class=\"detail-house-key\">管理費</div>\n                                <span>：</span>\n                                <div class=\"detail-house-value\">無</div>\n                            </div>\n                                                                                                            <div class=\"detail-house-item\">\n                                <div class=\"detail-house-key\">帶租約</div>\n                                <span>：</span>\n                                <div class=\"detail-house-value\">否</div>\n                            </div>\n                                                                                                            <div class=\"detail-house-item\">\n                                <div class=\"detail-house-key\">法定用途</div>\n                                <span>：</span>\n                                <div class=\"detail-house-value\">住家用</div>\n                            </div>\n                                                                        </div>\n                </div>', '2;4', 3, '森悅家', 0, '2019-01-31 21:31:44', '2019-01-31 13:31:44', 0),
(94, '3b37846e574053562516493b31bf010e', 1, '5770806', 275, 284, '楠梓車站獨棟一樓超大庭院+車位', '旗楠路', 3, '3房2廳2衛', 56, 1, 25, '1F/16F', 0, '8', 2000, '', 13.18, 738, '<div class=\"detail-house-box\">\n                    <div class=\"detail-house-name\">房屋資料</div>\n                    <div class=\"detail-house-content\">\n                                                                                <div class=\"detail-house-item\">\n                                <div class=\"detail-house-key\">現況</div>\n                                <span>：</span>\n                                <div class=\"detail-house-value\">住宅</div>\n                            </div>\n                                                                                                            <div class=\"detail-house-item\">\n                                <div class=\"detail-house-key\">型態</div>\n                                <span>：</span>\n                                <div class=\"detail-house-value\">電梯大樓</div>\n                            </div>\n                                                                                                            <div class=\"detail-house-item\">\n                                <div class=\"detail-house-key\">裝潢程度</div>\n                                <span>：</span>\n                                <div class=\"detail-house-value\">簡易裝潢</div>\n                            </div>\n                                                                                                            <div class=\"detail-house-item\">\n                                <div class=\"detail-house-key\">管理費</div>\n                                <span>：</span>\n                                <div class=\"detail-house-value\">2000元</div>\n                            </div>\n                                                                                                            <div class=\"detail-house-item\">\n                                <div class=\"detail-house-key\">帶租約</div>\n                                <span>：</span>\n                                <div class=\"detail-house-value\">否</div>\n                            </div>\n                                                                                                            <div class=\"detail-house-item\">\n                                <div class=\"detail-house-key\">法定用途</div>\n                                <span>：</span>\n                                <div class=\"detail-house-value\">住家用</div>\n                            </div>\n                                                                                                            <div class=\"detail-house-item\">\n                                <div class=\"detail-house-key\">公設比</div>\n                                <span>：</span>\n                                <div class=\"detail-house-value\">23%</div>\n                            </div>\n                                                                        </div>\n                </div>', '1;2;4;5', 3, '北國鐏龍', 0, '2019-01-31 21:31:44', '2019-01-31 13:31:44', 0),
(95, 'de20412ecccd2d15c8e169401a4599e9', 1, '5835949', 275, 286, '巨蛋福懋采蓮天高樓正三房屋況棒平面車位', '富民路', 3, '3房2廳2衛', 42.87, 1, 18, '10F/14F', 0, '1', 1824, '', 20.97, 899, '<div class=\"detail-house-box\">\n                    <div class=\"detail-house-name\">房屋資料</div>\n                    <div class=\"detail-house-content\">\n                                                                                <div class=\"detail-house-item\">\n                                <div class=\"detail-house-key\">現況</div>\n                                <span>：</span>\n                                <div class=\"detail-house-value\">住宅</div>\n                            </div>\n                                                                                                            <div class=\"detail-house-item\">\n                                <div class=\"detail-house-key\">型態</div>\n                                <span>：</span>\n                                <div class=\"detail-house-value\">電梯大樓</div>\n                            </div>\n                                                                                                            <div class=\"detail-house-item\">\n                                <div class=\"detail-house-key\">裝潢程度</div>\n                                <span>：</span>\n                                <div class=\"detail-house-value\">簡易裝潢</div>\n                            </div>\n                                                                                                            <div class=\"detail-house-item\">\n                                <div class=\"detail-house-key\">管理費</div>\n                                <span>：</span>\n                                <div class=\"detail-house-value\">1824元</div>\n                            </div>\n                                                                                                            <div class=\"detail-house-item\">\n                                <div class=\"detail-house-key\">帶租約</div>\n                                <span>：</span>\n                                <div class=\"detail-house-value\">否</div>\n                            </div>\n                                                                                                            <div class=\"detail-house-item\">\n                                <div class=\"detail-house-key\">法定用途</div>\n                                <span>：</span>\n                                <div class=\"detail-house-value\">住家用</div>\n                            </div>\n                                                                                                            <div class=\"detail-house-item\">\n                                <div class=\"detail-house-key\">車位</div>\n                                <span>：</span>\n                                <div class=\"detail-house-value\">6.798坪，平面式，已含售金內</div>\n                            </div>\n                                                                                                            <div class=\"detail-house-item\">\n                                <div class=\"detail-house-key\">公設比</div>\n                                <span>：</span>\n                                <div class=\"detail-house-value\">26%</div>\n                            </div>\n                                                                        </div>\n                </div>', '1;2;3;4;5;6;7', 3, '采連天', 0, '2019-01-31 21:31:44', '2019-01-31 13:31:44', 0),
(96, '44c85d4157e6ad509e0c98952bc2ca4a', 1, '5918693', 275, 305, '大寮鄰近市區優值戶免整理生活方便', '鳳林三路105巷', 3, '3房2廳2衛', 21.47, 0, 25, '7F/7F', 0, '', 1250, '', 13.41, 288, '<div class=\"detail-house-box\">\n                    <div class=\"detail-house-name\">房屋資料</div>\n                    <div class=\"detail-house-content\">\n                                                                                <div class=\"detail-house-item\">\n                                <div class=\"detail-house-key\">現況</div>\n                                <span>：</span>\n                                <div class=\"detail-house-value\">住宅</div>\n                            </div>\n                                                                                                            <div class=\"detail-house-item\">\n                                <div class=\"detail-house-key\">型態</div>\n                                <span>：</span>\n                                <div class=\"detail-house-value\">電梯大樓</div>\n                            </div>\n                                                                                                            <div class=\"detail-house-item\">\n                                <div class=\"detail-house-key\">裝潢程度</div>\n                                <span>：</span>\n                                <div class=\"detail-house-value\">簡易裝潢</div>\n                            </div>\n                                                                                                            <div class=\"detail-house-item\">\n                                <div class=\"detail-house-key\">管理費</div>\n                                <span>：</span>\n                                <div class=\"detail-house-value\">1250元</div>\n                            </div>\n                                                                                                            <div class=\"detail-house-item\">\n                                <div class=\"detail-house-key\">帶租約</div>\n                                <span>：</span>\n                                <div class=\"detail-house-value\">否</div>\n                            </div>\n                                                                                                            <div class=\"detail-house-item\">\n                                <div class=\"detail-house-key\">車位</div>\n                                <span>：</span>\n                                <div class=\"detail-house-value\">無</div>\n                            </div>\n                                                                        </div>\n                </div>', '1;2;5;7', 3, '公園非凡家', 0, '2019-01-31 21:31:44', '2019-01-31 13:31:44', 0),
(97, '158bd6cca3218fc8681d924d734ab12a', 1, '5654183', 275, 284, '楠梓豐花園高樓層全新三房~自售免仲介費', '土庫二路', 3, '3房2廳2衛', 43.06, 0, 3, '21F/23F', 0, '', 2580, '', 16.91, 728, '<div class=\"detail-house-box\">\n                    <div class=\"detail-house-name\">房屋資料</div>\n                    <div class=\"detail-house-content\">\n                                                                                <div class=\"detail-house-item\">\n                                <div class=\"detail-house-key\">現況</div>\n                                <span>：</span>\n                                <div class=\"detail-house-value\">住宅</div>\n                            </div>\n                                                                                                            <div class=\"detail-house-item\">\n                                <div class=\"detail-house-key\">型態</div>\n                                <span>：</span>\n                                <div class=\"detail-house-value\">電梯大樓</div>\n                            </div>\n                                                                                                            <div class=\"detail-house-item\">\n                                <div class=\"detail-house-key\">裝潢程度</div>\n                                <span>：</span>\n                                <div class=\"detail-house-value\">尚未裝潢</div>\n                            </div>\n                                                                                                            <div class=\"detail-house-item\">\n                                <div class=\"detail-house-key\">管理費</div>\n                                <span>：</span>\n                                <div class=\"detail-house-value\">2580元</div>\n                            </div>\n                                                                                                            <div class=\"detail-house-item\">\n                                <div class=\"detail-house-key\">帶租約</div>\n                                <span>：</span>\n                                <div class=\"detail-house-value\">否</div>\n                            </div>\n                                                                                                            <div class=\"detail-house-item\">\n                                <div class=\"detail-house-key\">車位</div>\n                                <span>：</span>\n                                <div class=\"detail-house-value\">無</div>\n                            </div>\n                                                                                                            <div class=\"detail-house-item\">\n                                <div class=\"detail-house-key\">公設比</div>\n                                <span>：</span>\n                                <div class=\"detail-house-value\">34%</div>\n                            </div>\n                                                                        </div>\n                </div>', '1;2;3;4;5;6', 3, '高雄楠梓豐花園', 0, '2019-01-31 21:31:44', '2019-01-31 13:31:44', 0),
(98, '7d5cb70417f2de283a3bb5336814e6f4', 1, '5777331', 275, 283, '河堤壓軸、雙併大4房', '鼎祥街', 4, '4房2廳2衛', 62.17, 0, 3, '4F/15F', 0, '', 0, '', 25.54, 1588, '<div class=\"detail-house-box\">\n                    <div class=\"detail-house-name\">房屋資料</div>\n                    <div class=\"detail-house-content\">\n                                                                                <div class=\"detail-house-item\">\n                                <div class=\"detail-house-key\">現況</div>\n                                <span>：</span>\n                                <div class=\"detail-house-value\">住宅</div>\n                            </div>\n                                                                                                            <div class=\"detail-house-item\">\n                                <div class=\"detail-house-key\">型態</div>\n                                <span>：</span>\n                                <div class=\"detail-house-value\">電梯大樓</div>\n                            </div>\n                                                                                                            <div class=\"detail-house-item\">\n                                <div class=\"detail-house-key\">裝潢程度</div>\n                                <span>：</span>\n                                <div class=\"detail-house-value\">尚未裝潢</div>\n                            </div>\n                                                                                                            <div class=\"detail-house-item\">\n                                <div class=\"detail-house-key\">帶租約</div>\n                                <span>：</span>\n                                <div class=\"detail-house-value\">否</div>\n                            </div>\n                                                                                                            <div class=\"detail-house-item\">\n                                <div class=\"detail-house-key\">車位</div>\n                                <span>：</span>\n                                <div class=\"detail-house-value\">無</div>\n                            </div>\n                                                                        </div>\n                </div>', '1;4;5', 3, '百達富御', 0, '2019-01-31 21:31:44', '2019-01-31 13:31:44', 0),
(99, 'a5094b2317ed0688883a436a356beabc', 1, '5799841', 275, 280, '買地送屋!整理後可出租中山學生或做民宿', '鼓山二路69巷', 2, '2房2廳2衛', 23, 0, 60, '2F/2F', 0, '4', 0, '', 28.26, 650, '<div class=\"detail-house-box\">\n                    <div class=\"detail-house-name\">房屋資料</div>\n                    <div class=\"detail-house-content\">\n                                                                                <div class=\"detail-house-item\">\n                                <div class=\"detail-house-key\">現況</div>\n                                <span>：</span>\n                                <div class=\"detail-house-value\">住宅</div>\n                            </div>\n                                                                                                            <div class=\"detail-house-item\">\n                                <div class=\"detail-house-key\">型態</div>\n                                <span>：</span>\n                                <div class=\"detail-house-value\">透天厝</div>\n                            </div>\n                                                                                                            <div class=\"detail-house-item\">\n                                <div class=\"detail-house-key\">裝潢程度</div>\n                                <span>：</span>\n                                <div class=\"detail-house-value\">尚未裝潢</div>\n                            </div>\n                                                                                                            <div class=\"detail-house-item\">\n                                <div class=\"detail-house-key\">帶租約</div>\n                                <span>：</span>\n                                <div class=\"detail-house-value\">否</div>\n                            </div>\n                                                                                                            <div class=\"detail-house-item\">\n                                <div class=\"detail-house-key\">車位</div>\n                                <span>：</span>\n                                <div class=\"detail-house-value\">無</div>\n                            </div>\n                                                                        </div>\n                </div>', '1;2;3;4;5;6;7', 3, '', 0, '2019-01-31 21:31:44', '2019-01-31 13:31:44', 0),
(100, '06c5c2a3a10eeb85caac03a76526e370', 1, '5877812', 275, 287, '仁武臨路透天店住', '八德東路', 5, '5房2廳3衛', 54.95, 0, 11, '4F/4F', 0, '4', 0, '', 27.26, 1498, '<div class=\"detail-house-box\">\n                    <div class=\"detail-house-name\">房屋資料</div>\n                    <div class=\"detail-house-content\">\n                                                                                <div class=\"detail-house-item\">\n                                <div class=\"detail-house-key\">現況</div>\n                                <span>：</span>\n                                <div class=\"detail-house-value\">住宅</div>\n                            </div>\n                                                                                                            <div class=\"detail-house-item\">\n                                <div class=\"detail-house-key\">型態</div>\n                                <span>：</span>\n                                <div class=\"detail-house-value\">透天厝</div>\n                            </div>\n                                                                                                            <div class=\"detail-house-item\">\n                                <div class=\"detail-house-key\">裝潢程度</div>\n                                <span>：</span>\n                                <div class=\"detail-house-value\">簡易裝潢</div>\n                            </div>\n                                                                                                            <div class=\"detail-house-item\">\n                                <div class=\"detail-house-key\">管理費</div>\n                                <span>：</span>\n                                <div class=\"detail-house-value\">無</div>\n                            </div>\n                                                                                                            <div class=\"detail-house-item\">\n                                <div class=\"detail-house-key\">帶租約</div>\n                                <span>：</span>\n                                <div class=\"detail-house-value\">否</div>\n                            </div>\n                                                                                                            <div class=\"detail-house-item\">\n                                <div class=\"detail-house-key\">車位</div>\n                                <span>：</span>\n                                <div class=\"detail-house-value\">無</div>\n                            </div>\n                                                                        </div>\n                </div>', '1;2;3;4;5', 3, '', 0, '2019-01-31 21:31:44', '2019-01-31 13:31:44', 0),
(101, '0f8f7db54ec83f9e49f15f4a2ed5f906', 1, '5826292', 275, 276, '雄商科技新貴住宅正三房中樓層全新未住', '復興二路', 3, '3房2廳2衛', 48.57, 1, 2, '8F/15F', 0, '8', 3614, '', 27.43, 1320, '<div class=\"detail-house-box\">\n                    <div class=\"detail-house-name\">房屋資料</div>\n                    <div class=\"detail-house-content\">\n                                                                                <div class=\"detail-house-item\">\n                                <div class=\"detail-house-key\">現況</div>\n                                <span>：</span>\n                                <div class=\"detail-house-value\">住宅</div>\n                            </div>\n                                                                                                            <div class=\"detail-house-item\">\n                                <div class=\"detail-house-key\">型態</div>\n                                <span>：</span>\n                                <div class=\"detail-house-value\">電梯大樓</div>\n                            </div>\n                                                                                                            <div class=\"detail-house-item\">\n                                <div class=\"detail-house-key\">裝潢程度</div>\n                                <span>：</span>\n                                <div class=\"detail-house-value\">簡易裝潢</div>\n                            </div>\n                                                                                                            <div class=\"detail-house-item\">\n                                <div class=\"detail-house-key\">管理費</div>\n                                <span>：</span>\n                                <div class=\"detail-house-value\">3614元</div>\n                            </div>\n                                                                                                            <div class=\"detail-house-item\">\n                                <div class=\"detail-house-key\">帶租約</div>\n                                <span>：</span>\n                                <div class=\"detail-house-value\">否</div>\n                            </div>\n                                                                                                            <div class=\"detail-house-item\">\n                                <div class=\"detail-house-key\">法定用途</div>\n                                <span>：</span>\n                                <div class=\"detail-house-value\">住家用</div>\n                            </div>\n                                                                                                            <div class=\"detail-house-item\">\n                                <div class=\"detail-house-key\">車位</div>\n                                <span>：</span>\n                                <div class=\"detail-house-value\">4.089坪，機械式，已含售金內</div>\n                            </div>\n                                                                                                            <div class=\"detail-house-item\">\n                                <div class=\"detail-house-key\">公設比</div>\n                                <span>：</span>\n                                <div class=\"detail-house-value\">34%</div>\n                            </div>\n                                                                        </div>\n                </div>', '1;2;3;4;5', 3, '弘力真諦', 0, '2019-01-31 21:31:44', '2019-01-31 13:31:44', 0),
(102, '9ce8698e37b6f56f869c5f6ef9817f78', 1, '5860402', 275, 286, '蓮池潭旁陽台進出優美大3房公寓4樓', '店仔頂路112巷', 3, '3房2廳2衛', 25.91, 0, 36, '4F/5F', 0, '', 0, '', 16.13, 418, '<div class=\"detail-house-box\">\n                    <div class=\"detail-house-name\">房屋資料</div>\n                    <div class=\"detail-house-content\">\n                                                                                <div class=\"detail-house-item\">\n                                <div class=\"detail-house-key\">現況</div>\n                                <span>：</span>\n                                <div class=\"detail-house-value\">住宅</div>\n                            </div>\n                                                                                                            <div class=\"detail-house-item\">\n                                <div class=\"detail-house-key\">型態</div>\n                                <span>：</span>\n                                <div class=\"detail-house-value\">公寓</div>\n                            </div>\n                                                                                                            <div class=\"detail-house-item\">\n                                <div class=\"detail-house-key\">裝潢程度</div>\n                                <span>：</span>\n                                <div class=\"detail-house-value\">簡易裝潢</div>\n                            </div>\n                                                                                                            <div class=\"detail-house-item\">\n                                <div class=\"detail-house-key\">帶租約</div>\n                                <span>：</span>\n                                <div class=\"detail-house-value\">否</div>\n                            </div>\n                                                                                                            <div class=\"detail-house-item\">\n                                <div class=\"detail-house-key\">法定用途</div>\n                                <span>：</span>\n                                <div class=\"detail-house-value\">住家用</div>\n                            </div>\n                                                                                                            <div class=\"detail-house-item\">\n                                <div class=\"detail-house-key\">車位</div>\n                                <span>：</span>\n                                <div class=\"detail-house-value\">無</div>\n                            </div>\n                                                                        </div>\n                </div>', '1;2;4;5', 3, '', 0, '2019-01-31 21:31:44', '2019-01-31 13:31:44', 0),
(103, 'c026258e2d401e633800e2861b002678', 2, '115308', 275, 286, '多城植哉', '文恩路165號', 3, '3房', 36, 0, 0, '', 0, '', 0, '尚紘建設', 25, 1000, '<ul class=\"clearfix stonefont\">\n                        \n                                                    <li><span>公  設  比</span>35%<i class=\"fa fa-question-circle fa_tooltip\" data-placement=\"top\" data-toggle=\"tooltip\" title=\"為建物權狀中共用部分的持分坪數/建物總坪數\"></i></li>\n                            <li><span>棟戶規劃</span><em title=\"1棟，39戶住家，2戶店面\">1棟，39戶住家，2戶店面</em></li>\n                            <li>\n                                <span style=\"float: left;\">建  蔽  率 </span>\n                                38.67%<i class=\"fa fa-question-circle fa_tooltip\" data-placement=\"top\" data-toggle=\"tooltip\" title=\"指建築基地上，建物的最大投影面積與建築基地面積的比值。\"></i>                                                            </li>\n                            <li><span>樓層規劃</span>地上12層，地下3層</li>\n                            <li><span>車位規劃</span>平面式47個</li>\n                            <li><span>管理費用</span>70元/坪/月</li>\n                            <li><span>車位配比</span>1:1.15<i class=\"fa fa-question-circle fa_tooltip\" data-placement=\"top\" data-toggle=\"tooltip\" title=\"每位住戶可以分配到的車位數\"></i></li>\n                            <li><span>結構工程</span>RC\n                                                                    <i class=\"fa fa-question-circle fa_tooltip\" data-placement=\"top\" data-toggle=\"tooltip\" title=\"鋼筋混凝土結構\"></i>\n                                                                                            </li>\n                            <li>\n                                <span style=\"float: left;\">基地面積</span>\n                                313坪                                                            </li>\n                            <li><span>用途規劃</span>住家用</li>\n                            <li><span>交屋屋況</span>標準配備</li>\n                            <li><span>土地分區</span> 第四種住宅區 </li>\n                                                        <li class=\"orientation\"><span>座向規劃</span>朝北、朝西、朝東</li>\n                            <li class=\"building_materials\">\n                                <span>建材說明</span>\n                                <strong>\n                                    廚具：喜特麗；衛浴：TOTO、美標                                </strong>\n                            </li>\n                                                            <li class=\"facility\">\n                                    <span>公共設施</span>\n                                    <div class=\"facility_box\">\n                                                                                    <i class=\"icon_1\">接待大廳</i>                                                                                    <i class=\"icon_3\">中庭花園</i>                                                                                    <i class=\"icon_4\">空中花園</i>                                                                                    <i class=\"icon_6\">交誼廳</i>                                                                                    <i class=\"icon_8\">閱覽室</i>                                                                                    <i class=\"icon_12\">健身房</i>                                                                                    <i class=\"icon_16\">親子遊戲區</i>                                                                                    <i class=\"icon_23\">信箱區</i>                                                                            </div>\n                                </li>\n                                                </ul>', '8;16;17;18', 3, '', 0, '2019-01-31 22:04:41', '2019-01-31 14:04:41', 0),
(104, 'd15cce93ddc4dc6219799288ef313d16', 1, '5823629', 275, 305, '全新翻修優值3房', '內厝路', 3, '3房2廳2衛', 32.01, 0, 24, '6F/11F', 0, '4', 960, '', 12.43, 398, '<div class=\"detail-house-box\">\n                    <div class=\"detail-house-name\">房屋資料</div>\n                    <div class=\"detail-house-content\">\n                                                                                <div class=\"detail-house-item\">\n                                <div class=\"detail-house-key\">現況</div>\n                                <span>：</span>\n                                <div class=\"detail-house-value\">住宅</div>\n                            </div>\n                                                                                                            <div class=\"detail-house-item\">\n                                <div class=\"detail-house-key\">型態</div>\n                                <span>：</span>\n                                <div class=\"detail-house-value\">電梯大樓</div>\n                            </div>\n                                                                                                            <div class=\"detail-house-item\">\n                                <div class=\"detail-house-key\">裝潢程度</div>\n                                <span>：</span>\n                                <div class=\"detail-house-value\">中檔裝潢</div>\n                            </div>\n                                                                                                            <div class=\"detail-house-item\">\n                                <div class=\"detail-house-key\">管理費</div>\n                                <span>：</span>\n                                <div class=\"detail-house-value\">960元</div>\n                            </div>\n                                                                                                            <div class=\"detail-house-item\">\n                                <div class=\"detail-house-key\">帶租約</div>\n                                <span>：</span>\n                                <div class=\"detail-house-value\">否</div>\n                            </div>\n                                                                                                            <div class=\"detail-house-item\">\n                                <div class=\"detail-house-key\">車位</div>\n                                <span>：</span>\n                                <div class=\"detail-house-value\">無</div>\n                            </div>\n                                                                                                            <div class=\"detail-house-item\">\n                                <div class=\"detail-house-key\">公設比</div>\n                                <span>：</span>\n                                <div class=\"detail-house-value\">24%</div>\n                            </div>\n                                                                        </div>\n                </div>', '1;2;4;5;6;7', 4, '陽明山莊', 0, '2019-01-31 22:04:41', '2019-01-31 14:04:41', 0),
(105, 'b7a1aafa1035cceae9ac4586b1cf3a71', 1, '5499140', 275, 277, '三房平車位預售雙捷運&六合商圈', '六合二路', 3, '3房2廳2衛', 37.26, 1, 0, '11F/26F', 0, '1', 2200, '', 26.01, 969, '<div class=\"detail-house-box\">\n                    <div class=\"detail-house-name\">房屋資料</div>\n                    <div class=\"detail-house-content\">\n                                                                                <div class=\"detail-house-item\">\n                                <div class=\"detail-house-key\">現況</div>\n                                <span>：</span>\n                                <div class=\"detail-house-value\">住宅</div>\n                            </div>\n                                                                                                            <div class=\"detail-house-item\">\n                                <div class=\"detail-house-key\">型態</div>\n                                <span>：</span>\n                                <div class=\"detail-house-value\">電梯大樓</div>\n                            </div>\n                                                                                                            <div class=\"detail-house-item\">\n                                <div class=\"detail-house-key\">裝潢程度</div>\n                                <span>：</span>\n                                <div class=\"detail-house-value\">尚未裝潢</div>\n                            </div>\n                                                                                                            <div class=\"detail-house-item\">\n                                <div class=\"detail-house-key\">管理費</div>\n                                <span>：</span>\n                                <div class=\"detail-house-value\">2200元</div>\n                            </div>\n                                                                                                            <div class=\"detail-house-item\">\n                                <div class=\"detail-house-key\">帶租約</div>\n                                <span>：</span>\n                                <div class=\"detail-house-value\">否</div>\n                            </div>\n                                                                                                            <div class=\"detail-house-item\">\n                                <div class=\"detail-house-key\">公設比</div>\n                                <span>：</span>\n                                <div class=\"detail-house-value\">36%</div>\n                            </div>\n                                                                        </div>\n                </div>', '1;3;4;5;6;7', 4, '達麗東京', 0, '2019-01-31 22:04:41', '2019-01-31 14:04:41', 0);
INSERT INTO `ex_main` (`id`, `unid`, `source`, `number`, `city`, `area`, `title`, `road`, `room`, `style`, `ping`, `parking`, `age`, `floor`, `type`, `direction`, `fee`, `builder`, `unit`, `price`, `description`, `around`, `status`, `community`, `view_num`, `add_time`, `update_time`, `is_closed`) VALUES
(106, '21b5ba398cdf256d5b22a1b83a353155', 1, '5646632', 275, 286, '巨蛋.原生植物園.華夏路2+1房車位', '華夏路', 3, '3房1廳2衛', 32.14, 1, 20, '8F/14F', 0, '3', 1570, '', 16.18, 520, '<div class=\"detail-house-box\">\n                    <div class=\"detail-house-name\">房屋資料</div>\n                    <div class=\"detail-house-content\">\n                                                                                <div class=\"detail-house-item\">\n                                <div class=\"detail-house-key\">現況</div>\n                                <span>：</span>\n                                <div class=\"detail-house-value\">住宅</div>\n                            </div>\n                                                                                                            <div class=\"detail-house-item\">\n                                <div class=\"detail-house-key\">型態</div>\n                                <span>：</span>\n                                <div class=\"detail-house-value\">電梯大樓</div>\n                            </div>\n                                                                                                            <div class=\"detail-house-item\">\n                                <div class=\"detail-house-key\">裝潢程度</div>\n                                <span>：</span>\n                                <div class=\"detail-house-value\">簡易裝潢</div>\n                            </div>\n                                                                                                            <div class=\"detail-house-item\">\n                                <div class=\"detail-house-key\">管理費</div>\n                                <span>：</span>\n                                <div class=\"detail-house-value\">1570元</div>\n                            </div>\n                                                                                                            <div class=\"detail-house-item\">\n                                <div class=\"detail-house-key\">帶租約</div>\n                                <span>：</span>\n                                <div class=\"detail-house-value\">否</div>\n                            </div>\n                                                                                                            <div class=\"detail-house-item\">\n                                <div class=\"detail-house-key\">法定用途</div>\n                                <span>：</span>\n                                <div class=\"detail-house-value\">住家用</div>\n                            </div>\n                                                                                                            <div class=\"detail-house-item\">\n                                <div class=\"detail-house-key\">公設比</div>\n                                <span>：</span>\n                                <div class=\"detail-house-value\">31%</div>\n                            </div>\n                                                                        </div>\n                </div>', '1;2;4;7', 4, '康乃爾', 0, '2019-01-31 22:04:41', '2019-01-31 14:04:41', 0),
(107, 'd0174ea30efe7e8b9a1e3524bb07352c', 1, '5674096', 275, 282, '公園第一排全棟綠意景觀', '一心二路2巷', 4, '4房2廳5衛', 73.12, 1, 10, '4F/4F', 0, '8', 0, '', 54.43, 3980, '<div class=\"detail-house-box\">\n                    <div class=\"detail-house-name\">房屋資料</div>\n                    <div class=\"detail-house-content\">\n                                                                                <div class=\"detail-house-item\">\n                                <div class=\"detail-house-key\">現況</div>\n                                <span>：</span>\n                                <div class=\"detail-house-value\">住宅</div>\n                            </div>\n                                                                                                            <div class=\"detail-house-item\">\n                                <div class=\"detail-house-key\">型態</div>\n                                <span>：</span>\n                                <div class=\"detail-house-value\">透天厝</div>\n                            </div>\n                                                                                                            <div class=\"detail-house-item\">\n                                <div class=\"detail-house-key\">裝潢程度</div>\n                                <span>：</span>\n                                <div class=\"detail-house-value\">簡易裝潢</div>\n                            </div>\n                                                                                                            <div class=\"detail-house-item\">\n                                <div class=\"detail-house-key\">帶租約</div>\n                                <span>：</span>\n                                <div class=\"detail-house-value\">否</div>\n                            </div>\n                                                                        </div>\n                </div>', '3;4;5', 4, '鳳凰菩提', 0, '2019-01-31 22:04:41', '2019-01-31 14:04:41', 0),
(108, 'bfb2e1b0f1c4acff156c2a05a046d23b', 2, '111043', 275, 280, '擁樂', '美術東二路530號', 3, '3~4房', 54, 0, 0, '', 0, '', 0, '吉松建設', 27, 0, '<ul class=\"clearfix stonefont\">\n                        \n                                                    <li><span>公  設  比</span>35%<i class=\"fa fa-question-circle fa_tooltip\" data-placement=\"top\" data-toggle=\"tooltip\" title=\"為建物權狀中共用部分的持分坪數/建物總坪數\"></i></li>\n                            <li><span>棟戶規劃</span><em title=\"2棟，202戶住家\">2棟，202戶住家</em></li>\n                            <li>\n                                <span style=\"float: left;\">建  蔽  率 </span>\n                                47.84%<i class=\"fa fa-question-circle fa_tooltip\" data-placement=\"top\" data-toggle=\"tooltip\" title=\"指建築基地上，建物的最大投影面積與建築基地面積的比值。\"></i>                                                            </li>\n                            <li><span>樓層規劃</span>地上27層，地下4層</li>\n                            <li><span>車位規劃</span>298個</li>\n                            <li><span>管理費用</span>待定</li>\n                            <li><span>車位配比</span>1:1.48<i class=\"fa fa-question-circle fa_tooltip\" data-placement=\"top\" data-toggle=\"tooltip\" title=\"每位住戶可以分配到的車位數\"></i></li>\n                            <li><span>結構工程</span>暫無                            </li>\n                            <li>\n                                <span style=\"float: left;\">基地面積</span>\n                                1245坪                                                            </li>\n                            <li><span>用途規劃</span>住家用</li>\n                            <li><span>交屋屋況</span>標準配備</li>\n                            <li><span>土地分區</span>暫無</li>\n                                                        <li class=\"orientation\"><span>座向規劃</span>朝北、朝南、朝西</li>\n                            <li class=\"building_materials\">\n                                <span>建材說明</span>\n                                <strong>\n                                    暫無                                </strong>\n                            </li>\n                                                            <li class=\"facility\">\n                                    <span>公共設施</span>\n                                    <div class=\"facility_box\">\n                                                                                    <i class=\"icon_1\">接待大廳</i>                                                                                    <i class=\"icon_3\">中庭花園</i>                                                                                    <i class=\"icon_4\">空中花園</i>                                                                                    <i class=\"icon_8\">閱覽室</i>                                                                                    <i class=\"icon_9\">視聽室</i>                                                                                    <i class=\"icon_12\">健身房</i>                                                                                    <i class=\"icon_17\">SPA</i>                                                                                    <i class=\"icon_21\">瑜伽教室</i>                                                                                    <i class=\"icon_22\">廚藝教室</i>                                                                                    <i class=\"icon_23\">信箱區</i>                                                                                    <i class=\"icon_24\">曬被區</i>                                                                                    <i class=\"icon_25\">Lounge Bar</i>                                                                            </div>\n                                </li>\n                                                </ul>', '4;8;15;16;17;18', 3, '', 0, '2019-01-31 22:04:41', '2019-01-31 14:04:41', 0),
(109, 'c4ff180d430514895f7730687d756540', 1, '5764739', 275, 282, '優質住宅稀有釋出-高樓層三面採光', '二聖路', 3, '3房2廳2衛', 52.83, 1, 4, '11F/15F', 0, '', 2950, '', 24.38, 1288, '<div class=\"detail-house-box\">\n                    <div class=\"detail-house-name\">房屋資料</div>\n                    <div class=\"detail-house-content\">\n                                                                                <div class=\"detail-house-item\">\n                                <div class=\"detail-house-key\">現況</div>\n                                <span>：</span>\n                                <div class=\"detail-house-value\">住宅</div>\n                            </div>\n                                                                                                            <div class=\"detail-house-item\">\n                                <div class=\"detail-house-key\">型態</div>\n                                <span>：</span>\n                                <div class=\"detail-house-value\">電梯大樓</div>\n                            </div>\n                                                                                                            <div class=\"detail-house-item\">\n                                <div class=\"detail-house-key\">裝潢程度</div>\n                                <span>：</span>\n                                <div class=\"detail-house-value\">高檔裝潢</div>\n                            </div>\n                                                                                                            <div class=\"detail-house-item\">\n                                <div class=\"detail-house-key\">管理費</div>\n                                <span>：</span>\n                                <div class=\"detail-house-value\">2950元</div>\n                            </div>\n                                                                                                            <div class=\"detail-house-item\">\n                                <div class=\"detail-house-key\">帶租約</div>\n                                <span>：</span>\n                                <div class=\"detail-house-value\">否</div>\n                            </div>\n                                                                                                            <div class=\"detail-house-item\">\n                                <div class=\"detail-house-key\">車位</div>\n                                <span>：</span>\n                                <div class=\"detail-house-value\">10.7坪，平面式，已含售金內</div>\n                            </div>\n                                                                                                            <div class=\"detail-house-item\">\n                                <div class=\"detail-house-key\">公設比</div>\n                                <span>：</span>\n                                <div class=\"detail-house-value\">36%</div>\n                            </div>\n                                                                        </div>\n                </div>', '1;2;4;5;6;7', 4, '文化1邸', 0, '2019-01-31 22:04:41', '2019-01-31 14:04:41', 0),
(110, '219888b1b41047abbaf5d0598947c279', 1, '5810945', 275, 304, '五甲瑞祥市區學區十年屋騎樓透天(增建滿)', '龍成路175巷', 4, '4房3廳5衛', 48.11, 0, 10, '整棟/3F', 0, '3', 0, '', 31.18, 1500, '<div class=\"detail-house-box\">\n                    <div class=\"detail-house-name\">房屋資料</div>\n                    <div class=\"detail-house-content\">\n                                                                                <div class=\"detail-house-item\">\n                                <div class=\"detail-house-key\">現況</div>\n                                <span>：</span>\n                                <div class=\"detail-house-value\">住宅</div>\n                            </div>\n                                                                                                            <div class=\"detail-house-item\">\n                                <div class=\"detail-house-key\">型態</div>\n                                <span>：</span>\n                                <div class=\"detail-house-value\">透天厝</div>\n                            </div>\n                                                                                                            <div class=\"detail-house-item\">\n                                <div class=\"detail-house-key\">裝潢程度</div>\n                                <span>：</span>\n                                <div class=\"detail-house-value\">簡易裝潢</div>\n                            </div>\n                                                                                                            <div class=\"detail-house-item\">\n                                <div class=\"detail-house-key\">管理費</div>\n                                <span>：</span>\n                                <div class=\"detail-house-value\">無</div>\n                            </div>\n                                                                                                            <div class=\"detail-house-item\">\n                                <div class=\"detail-house-key\">帶租約</div>\n                                <span>：</span>\n                                <div class=\"detail-house-value\">否</div>\n                            </div>\n                                                                                                            <div class=\"detail-house-item\">\n                                <div class=\"detail-house-key\">法定用途</div>\n                                <span>：</span>\n                                <div class=\"detail-house-value\">住家用</div>\n                            </div>\n                                                                                                            <div class=\"detail-house-item\">\n                                <div class=\"detail-house-key\">車位</div>\n                                <span>：</span>\n                                <div class=\"detail-house-value\">無</div>\n                            </div>\n                                                                        </div>\n                </div>', '1;2;3;4;5;7', 4, '', 0, '2019-01-31 22:04:41', '2019-01-31 14:04:41', 0),
(111, 'bf2bc964447534bbeb6656438dfc790e', 1, '5815670', 275, 280, '運動公園第一排/大三房大平車', '龍勝路', 3, '3房2廳2衛', 53.67, 1, 13, '9F/14F', 0, '1', 2190, '', 29.61, 1589, '<div class=\"detail-house-box\">\n                    <div class=\"detail-house-name\">房屋資料</div>\n                    <div class=\"detail-house-content\">\n                                                                                <div class=\"detail-house-item\">\n                                <div class=\"detail-house-key\">現況</div>\n                                <span>：</span>\n                                <div class=\"detail-house-value\">住宅</div>\n                            </div>\n                                                                                                            <div class=\"detail-house-item\">\n                                <div class=\"detail-house-key\">型態</div>\n                                <span>：</span>\n                                <div class=\"detail-house-value\">電梯大樓</div>\n                            </div>\n                                                                                                            <div class=\"detail-house-item\">\n                                <div class=\"detail-house-key\">裝潢程度</div>\n                                <span>：</span>\n                                <div class=\"detail-house-value\">簡易裝潢</div>\n                            </div>\n                                                                                                            <div class=\"detail-house-item\">\n                                <div class=\"detail-house-key\">管理費</div>\n                                <span>：</span>\n                                <div class=\"detail-house-value\">2190元</div>\n                            </div>\n                                                                                                            <div class=\"detail-house-item\">\n                                <div class=\"detail-house-key\">帶租約</div>\n                                <span>：</span>\n                                <div class=\"detail-house-value\">否</div>\n                            </div>\n                                                                                                            <div class=\"detail-house-item\">\n                                <div class=\"detail-house-key\">車位</div>\n                                <span>：</span>\n                                <div class=\"detail-house-value\">9.35坪，平面式，已含售金內</div>\n                            </div>\n                                                                        </div>\n                </div>', '1;2;3;4;5;6;7', 4, '大未來', 0, '2019-01-31 22:04:41', '2019-01-31 14:04:41', 0),
(112, '465d0f64313080e0a7bf086d91d2e2d6', 1, '5851876', 275, 280, '高CP捷運旁無敵景觀飯店式豪宅華人匯B2', '裕誠路', 0, '開放式格局', 130.95, 1, 3, '30F/38F', 0, '4', 0, '', 27.49, 3600, '<div class=\"detail-house-box\">\n                    <div class=\"detail-house-name\">房屋資料</div>\n                    <div class=\"detail-house-content\">\n                                                                                <div class=\"detail-house-item\">\n                                <div class=\"detail-house-key\">現況</div>\n                                <span>：</span>\n                                <div class=\"detail-house-value\">住宅</div>\n                            </div>\n                                                                                                            <div class=\"detail-house-item\">\n                                <div class=\"detail-house-key\">型態</div>\n                                <span>：</span>\n                                <div class=\"detail-house-value\">電梯大樓</div>\n                            </div>\n                                                                                                            <div class=\"detail-house-item\">\n                                <div class=\"detail-house-key\">裝潢程度</div>\n                                <span>：</span>\n                                <div class=\"detail-house-value\">尚未裝潢</div>\n                            </div>\n                                                                                                            <div class=\"detail-house-item\">\n                                <div class=\"detail-house-key\">帶租約</div>\n                                <span>：</span>\n                                <div class=\"detail-house-value\">否</div>\n                            </div>\n                                                                                                            <div class=\"detail-house-item\">\n                                <div class=\"detail-house-key\">法定用途</div>\n                                <span>：</span>\n                                <div class=\"detail-house-value\">住家用</div>\n                            </div>\n                                                                        </div>\n                </div>', '1;2;3;4;5;6;7', 4, '華人匯', 0, '2019-01-31 22:04:41', '2019-01-31 14:04:41', 0),
(113, 'a40d8e97c41a34d7b6fb9b9f4bae0dc3', 2, '112176', 275, 276, '民生高峰會', '民生一路360、362號', 3, '3房', 89, 0, 0, '', 0, '', 0, '慶旺建設股份有限公司', 33, 0, '<ul class=\"clearfix stonefont\">\n                        \n                                                    <li><span>公  設  比</span>34.8%<i class=\"fa fa-question-circle fa_tooltip\" data-placement=\"top\" data-toggle=\"tooltip\" title=\"為建物權狀中共用部分的持分坪數/建物總坪數\"></i></li>\n                            <li><span>棟戶規劃</span><em title=\"1棟，54戶住家\">1棟，54戶住家</em></li>\n                            <li>\n                                <span style=\"float: left;\">建  蔽  率 </span>\n                                33.54%<i class=\"fa fa-question-circle fa_tooltip\" data-placement=\"top\" data-toggle=\"tooltip\" title=\"指建築基地上，建物的最大投影面積與建築基地面積的比值。\"></i>                                                            </li>\n                            <li><span>樓層規劃</span>地上29層，地下5層</li>\n                            <li><span>車位規劃</span>平面式80個</li>\n                            <li><span>管理費用</span>90元/坪/月</li>\n                            <li><span>車位配比</span>1:1.48<i class=\"fa fa-question-circle fa_tooltip\" data-placement=\"top\" data-toggle=\"tooltip\" title=\"每位住戶可以分配到的車位數\"></i></li>\n                            <li><span>結構工程</span>SRC\n                                                                    <i class=\"fa fa-question-circle fa_tooltip\" data-placement=\"top\" data-toggle=\"tooltip\" title=\"鋼骨鋼筋混凝土結構\"></i>\n                                                                                            </li>\n                            <li>\n                                <span style=\"float: left;\">基地面積</span>\n                                376坪                                                            </li>\n                            <li><span>用途規劃</span>住家用</li>\n                            <li><span>交屋屋況</span>標準配備</li>\n                            <li><span>土地分區</span>第三種特定商業專用區</li>\n                                                        <li class=\"orientation\"><span>座向規劃</span>朝南</li>\n                            <li class=\"building_materials\">\n                                <span>建材說明</span>\n                                <strong>\n                                    暫無                                </strong>\n                            </li>\n                                                            <li class=\"facility\">\n                                    <span>公共設施</span>\n                                    <div class=\"facility_box\">\n                                                                                    <i class=\"icon_1\">接待大廳</i>                                                                                    <i class=\"icon_4\">空中花園</i>                                                                                    <i class=\"icon_7\">會議室</i>                                                                                    <i class=\"icon_12\">健身房</i>                                                                                    <i class=\"icon_23\">信箱區</i>                                                                            </div>\n                                </li>\n                                                </ul>', '4;10;15;16;17', 3, '', 0, '2019-01-31 22:06:33', '2019-01-31 14:06:33', 0),
(114, '67cbc164fc59b53ff7624871f388beb9', 1, '5646877', 275, 286, '4房平車~微笑.河堤公園.R15捷運', '重立路', 4, '4房2廳2衛', 50.73, 1, 20, '7F/9F', 0, '8', 2095, '', 17.54, 890, '<div class=\"detail-house-box\">\n                    <div class=\"detail-house-name\">房屋資料</div>\n                    <div class=\"detail-house-content\">\n                                                                                <div class=\"detail-house-item\">\n                                <div class=\"detail-house-key\">現況</div>\n                                <span>：</span>\n                                <div class=\"detail-house-value\">住宅</div>\n                            </div>\n                                                                                                            <div class=\"detail-house-item\">\n                                <div class=\"detail-house-key\">型態</div>\n                                <span>：</span>\n                                <div class=\"detail-house-value\">電梯大樓</div>\n                            </div>\n                                                                                                            <div class=\"detail-house-item\">\n                                <div class=\"detail-house-key\">裝潢程度</div>\n                                <span>：</span>\n                                <div class=\"detail-house-value\">簡易裝潢</div>\n                            </div>\n                                                                                                            <div class=\"detail-house-item\">\n                                <div class=\"detail-house-key\">管理費</div>\n                                <span>：</span>\n                                <div class=\"detail-house-value\">2095元</div>\n                            </div>\n                                                                                                            <div class=\"detail-house-item\">\n                                <div class=\"detail-house-key\">帶租約</div>\n                                <span>：</span>\n                                <div class=\"detail-house-value\">否</div>\n                            </div>\n                                                                                                            <div class=\"detail-house-item\">\n                                <div class=\"detail-house-key\">法定用途</div>\n                                <span>：</span>\n                                <div class=\"detail-house-value\">住家用</div>\n                            </div>\n                                                                                                            <div class=\"detail-house-item\">\n                                <div class=\"detail-house-key\">公設比</div>\n                                <span>：</span>\n                                <div class=\"detail-house-value\">35%</div>\n                            </div>\n                                                                        </div>\n                </div>', '1;2;4;5', 4, '自由學苑', 0, '2019-01-31 22:06:33', '2019-01-31 14:06:33', 0),
(115, '252a5deffe3b0b59cb44cb4bf65b2717', 2, '111768', 275, 285, '豐閣3期', '高坪五路179號', 4, '4~5房', 55, 0, 0, '', 0, '', 0, '豐嶸建設有限公司', 0, 880, '<ul class=\"clearfix stonefont\">\n                        \n                                                    <li><span>結構工程</span>RC\n                                                                    <i class=\"fa fa-question-circle fa_tooltip\" data-placement=\"top\" data-toggle=\"tooltip\" title=\"鋼筋混凝土結構\"></i>\n                                                                                            </li>\n                            <li><span>用途規劃</span>住家用</li>\n                            <li><span>棟戶規劃</span><em title=\"18棟，18戶住家\">18棟，18戶住家</em></li>\n                            <li><span>土地分區</span>第二種住宅區</li>\n                            <li><span>樓層規劃</span>地上4層</li>\n                            <li><span>停車方式</span>前院停車</li>\n                            <li><span>房數規劃</span>4~5房</li>\n                            <li><span>管理費用</span>無管理費</li>\n                            <li><span>寬深規劃</span>面寬4.4米、縱深0.00米</li>\n                            <li>\n                                <span style=\"float: left;\">基地面積</span>\n                                503坪                                                            </li>\n                            <li>\n                                <span>交屋屋況</span>\n                                標準配備</li>\n                            <li>\n                                <span>建  蔽  率 </span>\n                                38.12%<i class=\"fa fa-question-circle fa_tooltip\" data-placement=\"top\" data-toggle=\"tooltip\" title=\"指建築基地上，建物的最大投影面積與建築基地面積的比值。\"></i>                                                            </li>\n                                                    <li class=\"orientation\"><span>座向規劃</span>朝南、朝東</li>\n                            <li class=\"building_materials\">\n                                <span>建材說明</span>\n                                <strong>\n                                    暫無                                </strong>\n                            </li>\n                                                </ul>', '9;16;17', 3, '', 0, '2019-01-31 22:06:33', '2019-01-31 14:06:33', 0);

-- --------------------------------------------------------

--
-- 資料表結構 `ex_record`
--

CREATE TABLE `ex_record` (
  `id` bigint(20) UNSIGNED NOT NULL,
  `user_id` char(33) NOT NULL COMMENT 'ex_user.unid',
  `area` int(11) UNSIGNED NOT NULL COMMENT '區域',
  `price` int(11) UNSIGNED NOT NULL COMMENT '總價',
  `ping` int(11) UNSIGNED NOT NULL COMMENT '坪數',
  `style` int(11) UNSIGNED NOT NULL COMMENT '格局',
  `type` int(11) UNSIGNED NOT NULL COMMENT '型態',
  `times` int(11) UNSIGNED NOT NULL COMMENT '次數'
) ENGINE=MyISAM DEFAULT CHARSET=utf8 COMMENT='搜尋紀錄';

--
-- 資料表的匯出資料 `ex_record`
--

INSERT INTO `ex_record` (`id`, `user_id`, `area`, `price`, `ping`, `style`, `type`, `times`) VALUES
(1, 'm185ccab81019a39cba16f666f070bb83', 275, 300, 20, 2, 3, 1),
(2, 'm185ccab81019a39cba16f666f070bb83', 275, 300, 20, 3, 3, 1),
(3, 'm185ccab81019a39cba16f666f070bb83', 275, 600, 20, 2, 3, 1),
(4, 'm185ccab81019a39cba16f666f070bb83', 275, 600, 20, 3, 3, 1),
(5, 'm185ccab81019a39cba16f666f070bb83', 275, 300, 30, 2, 3, 1),
(6, 'm185ccab81019a39cba16f666f070bb83', 275, 300, 30, 3, 3, 1),
(7, 'm185ccab81019a39cba16f666f070bb83', 275, 600, 30, 2, 3, 1),
(8, 'm185ccab81019a39cba16f666f070bb83', 275, 600, 30, 3, 3, 1),
(9, 'm185ccab81019a39cba16f666f070bb83', 275, 300, 40, 2, 3, 1),
(10, 'm185ccab81019a39cba16f666f070bb83', 275, 300, 40, 3, 3, 1),
(11, 'm185ccab81019a39cba16f666f070bb83', 275, 600, 40, 2, 3, 1),
(12, 'm185ccab81019a39cba16f666f070bb83', 275, 600, 40, 3, 3, 1),
(13, 'm185ccab81019a39cba16f666f070bb83', 283, 300, 20, 2, 3, 1),
(14, 'm185ccab81019a39cba16f666f070bb83', 283, 300, 20, 3, 3, 1),
(15, 'm185ccab81019a39cba16f666f070bb83', 283, 600, 20, 2, 3, 1),
(16, 'm185ccab81019a39cba16f666f070bb83', 283, 600, 20, 3, 3, 1),
(17, 'm185ccab81019a39cba16f666f070bb83', 283, 300, 30, 2, 3, 1),
(18, 'm185ccab81019a39cba16f666f070bb83', 283, 300, 30, 3, 3, 1),
(19, 'm185ccab81019a39cba16f666f070bb83', 283, 600, 30, 2, 3, 1),
(20, 'm185ccab81019a39cba16f666f070bb83', 283, 600, 30, 3, 3, 1),
(21, 'm185ccab81019a39cba16f666f070bb83', 283, 300, 40, 2, 3, 1),
(22, 'm185ccab81019a39cba16f666f070bb83', 283, 300, 40, 3, 3, 1),
(23, 'm185ccab81019a39cba16f666f070bb83', 283, 600, 40, 2, 3, 1),
(24, 'm185ccab81019a39cba16f666f070bb83', 283, 600, 40, 3, 3, 1),
(25, 'm185ccab81019a39cba16f666f070bb83', 304, 300, 20, 2, 3, 1),
(26, 'm185ccab81019a39cba16f666f070bb83', 304, 300, 20, 3, 3, 1),
(27, 'm185ccab81019a39cba16f666f070bb83', 304, 600, 20, 2, 3, 1),
(28, 'm185ccab81019a39cba16f666f070bb83', 304, 600, 20, 3, 3, 1),
(29, 'm185ccab81019a39cba16f666f070bb83', 304, 300, 30, 2, 3, 1),
(30, 'm185ccab81019a39cba16f666f070bb83', 304, 300, 30, 3, 3, 1),
(31, 'm185ccab81019a39cba16f666f070bb83', 304, 600, 30, 2, 3, 1),
(32, 'm185ccab81019a39cba16f666f070bb83', 304, 600, 30, 3, 3, 3),
(33, 'm185ccab81019a39cba16f666f070bb83', 304, 300, 40, 2, 3, 1),
(34, 'm185ccab81019a39cba16f666f070bb83', 304, 300, 40, 3, 3, 1),
(35, 'm185ccab81019a39cba16f666f070bb83', 304, 600, 40, 2, 3, 1),
(36, 'm185ccab81019a39cba16f666f070bb83', 304, 600, 40, 3, 3, 1),
(37, 'm185ccab81019a39cba16f666f070bb83', 286, 300, 20, 2, 3, 1),
(38, 'm185ccab81019a39cba16f666f070bb83', 286, 300, 20, 3, 3, 1),
(39, 'm185ccab81019a39cba16f666f070bb83', 286, 600, 20, 2, 3, 1),
(40, 'm185ccab81019a39cba16f666f070bb83', 286, 600, 20, 3, 3, 1),
(41, 'm185ccab81019a39cba16f666f070bb83', 286, 300, 30, 2, 3, 1),
(42, 'm185ccab81019a39cba16f666f070bb83', 286, 300, 30, 3, 3, 1),
(43, 'm185ccab81019a39cba16f666f070bb83', 286, 600, 30, 2, 3, 1),
(44, 'm185ccab81019a39cba16f666f070bb83', 286, 600, 30, 3, 3, 1),
(45, 'm185ccab81019a39cba16f666f070bb83', 286, 300, 40, 2, 3, 1),
(46, 'm185ccab81019a39cba16f666f070bb83', 286, 300, 40, 3, 3, 1),
(47, 'm185ccab81019a39cba16f666f070bb83', 286, 600, 40, 2, 3, 1),
(48, 'm185ccab81019a39cba16f666f070bb83', 286, 600, 40, 3, 3, 1),
(49, 'm185ccab81019a39cba16f666f070bb83', 284, 300, 20, 2, 3, 1),
(50, 'm185ccab81019a39cba16f666f070bb83', 284, 300, 20, 3, 3, 1),
(51, 'm185ccab81019a39cba16f666f070bb83', 284, 600, 20, 2, 3, 1),
(52, 'm185ccab81019a39cba16f666f070bb83', 284, 600, 20, 3, 3, 1),
(53, 'm185ccab81019a39cba16f666f070bb83', 284, 300, 30, 2, 3, 1),
(54, 'm185ccab81019a39cba16f666f070bb83', 284, 300, 30, 3, 3, 1),
(55, 'm185ccab81019a39cba16f666f070bb83', 284, 600, 30, 2, 3, 1),
(56, 'm185ccab81019a39cba16f666f070bb83', 284, 600, 30, 3, 3, 1),
(57, 'm185ccab81019a39cba16f666f070bb83', 284, 300, 40, 2, 3, 1),
(58, 'm185ccab81019a39cba16f666f070bb83', 284, 300, 40, 3, 3, 1),
(59, 'm185ccab81019a39cba16f666f070bb83', 284, 600, 40, 2, 3, 1),
(60, 'm185ccab81019a39cba16f666f070bb83', 284, 600, 40, 3, 3, 1),
(61, 'm185ccab81019a39cba16f666f070bb83', 280, 300, 20, 2, 3, 1),
(62, 'm185ccab81019a39cba16f666f070bb83', 280, 300, 20, 3, 3, 1),
(63, 'm185ccab81019a39cba16f666f070bb83', 280, 600, 20, 2, 3, 1),
(64, 'm185ccab81019a39cba16f666f070bb83', 280, 600, 20, 3, 3, 1),
(65, 'm185ccab81019a39cba16f666f070bb83', 280, 300, 30, 2, 3, 1),
(66, 'm185ccab81019a39cba16f666f070bb83', 280, 300, 30, 3, 3, 1),
(67, 'm185ccab81019a39cba16f666f070bb83', 280, 600, 30, 2, 3, 1),
(68, 'm185ccab81019a39cba16f666f070bb83', 280, 600, 30, 3, 3, 1),
(69, 'm185ccab81019a39cba16f666f070bb83', 280, 300, 40, 2, 3, 1),
(70, 'm185ccab81019a39cba16f666f070bb83', 280, 300, 40, 3, 3, 1),
(71, 'm185ccab81019a39cba16f666f070bb83', 280, 600, 40, 2, 3, 1),
(72, 'm185ccab81019a39cba16f666f070bb83', 280, 600, 40, 3, 3, 1),
(73, 'm185ccab81019a39cba16f666f070bb83', 278, 300, 20, 2, 3, 1),
(74, 'm185ccab81019a39cba16f666f070bb83', 278, 300, 20, 3, 3, 1),
(75, 'm185ccab81019a39cba16f666f070bb83', 278, 600, 20, 2, 3, 1),
(76, 'm185ccab81019a39cba16f666f070bb83', 278, 600, 20, 3, 3, 1),
(77, 'm185ccab81019a39cba16f666f070bb83', 278, 300, 30, 2, 3, 1),
(78, 'm185ccab81019a39cba16f666f070bb83', 278, 300, 30, 3, 3, 1),
(79, 'm185ccab81019a39cba16f666f070bb83', 278, 600, 30, 2, 3, 1),
(80, 'm185ccab81019a39cba16f666f070bb83', 278, 600, 30, 3, 3, 1),
(81, 'm185ccab81019a39cba16f666f070bb83', 278, 300, 40, 2, 3, 1),
(82, 'm185ccab81019a39cba16f666f070bb83', 278, 300, 40, 3, 3, 1),
(83, 'm185ccab81019a39cba16f666f070bb83', 278, 600, 40, 2, 3, 1),
(84, 'm185ccab81019a39cba16f666f070bb83', 278, 600, 40, 3, 3, 1),
(85, 'm185ccab81019a39cba16f666f070bb83', 282, 300, 20, 2, 3, 1),
(86, 'm185ccab81019a39cba16f666f070bb83', 282, 300, 20, 3, 3, 1),
(87, 'm185ccab81019a39cba16f666f070bb83', 282, 600, 20, 2, 3, 1),
(88, 'm185ccab81019a39cba16f666f070bb83', 282, 600, 20, 3, 3, 1),
(89, 'm185ccab81019a39cba16f666f070bb83', 282, 300, 30, 2, 3, 1),
(90, 'm185ccab81019a39cba16f666f070bb83', 282, 300, 30, 3, 3, 1),
(91, 'm185ccab81019a39cba16f666f070bb83', 282, 600, 30, 2, 3, 1),
(92, 'm185ccab81019a39cba16f666f070bb83', 282, 600, 30, 3, 3, 1),
(93, 'm185ccab81019a39cba16f666f070bb83', 282, 300, 40, 2, 3, 1),
(94, 'm185ccab81019a39cba16f666f070bb83', 282, 300, 40, 3, 3, 1),
(95, 'm185ccab81019a39cba16f666f070bb83', 282, 600, 40, 2, 3, 1),
(96, 'm185ccab81019a39cba16f666f070bb83', 282, 600, 40, 3, 3, 1),
(97, 'm185ccab81019a39cba16f666f070bb83', 285, 300, 20, 2, 3, 1),
(98, 'm185ccab81019a39cba16f666f070bb83', 285, 300, 20, 3, 3, 1),
(99, 'm185ccab81019a39cba16f666f070bb83', 285, 600, 20, 2, 3, 1),
(100, 'm185ccab81019a39cba16f666f070bb83', 285, 600, 20, 3, 3, 1),
(101, 'm185ccab81019a39cba16f666f070bb83', 285, 300, 30, 2, 3, 1),
(102, 'm185ccab81019a39cba16f666f070bb83', 285, 300, 30, 3, 3, 1),
(103, 'm185ccab81019a39cba16f666f070bb83', 285, 600, 30, 2, 3, 1),
(104, 'm185ccab81019a39cba16f666f070bb83', 285, 600, 30, 3, 3, 1),
(105, 'm185ccab81019a39cba16f666f070bb83', 285, 300, 40, 2, 3, 1),
(106, 'm185ccab81019a39cba16f666f070bb83', 285, 300, 40, 3, 3, 1),
(107, 'm185ccab81019a39cba16f666f070bb83', 285, 600, 40, 2, 3, 1),
(108, 'm185ccab81019a39cba16f666f070bb83', 285, 600, 40, 3, 3, 1),
(109, 'm185ccab81019a39cba16f666f070bb83', 276, 300, 20, 2, 3, 1),
(110, 'm185ccab81019a39cba16f666f070bb83', 276, 300, 20, 3, 3, 1),
(111, 'm185ccab81019a39cba16f666f070bb83', 276, 600, 20, 2, 3, 1),
(112, 'm185ccab81019a39cba16f666f070bb83', 276, 600, 20, 3, 3, 1),
(113, 'm185ccab81019a39cba16f666f070bb83', 276, 300, 30, 2, 3, 1),
(114, 'm185ccab81019a39cba16f666f070bb83', 276, 300, 30, 3, 3, 1),
(115, 'm185ccab81019a39cba16f666f070bb83', 276, 600, 30, 2, 3, 1),
(116, 'm185ccab81019a39cba16f666f070bb83', 276, 600, 30, 3, 3, 1),
(117, 'm185ccab81019a39cba16f666f070bb83', 276, 300, 40, 2, 3, 1),
(118, 'm185ccab81019a39cba16f666f070bb83', 276, 300, 40, 3, 3, 1),
(119, 'm185ccab81019a39cba16f666f070bb83', 276, 600, 40, 2, 3, 1),
(120, 'm185ccab81019a39cba16f666f070bb83', 276, 600, 40, 3, 3, 1),
(121, 'm185ccab81019a39cba16f666f070bb83', 277, 300, 20, 2, 3, 1),
(122, 'm185ccab81019a39cba16f666f070bb83', 277, 300, 20, 3, 3, 1),
(123, 'm185ccab81019a39cba16f666f070bb83', 277, 600, 20, 2, 3, 1),
(124, 'm185ccab81019a39cba16f666f070bb83', 277, 600, 20, 3, 3, 1),
(125, 'm185ccab81019a39cba16f666f070bb83', 277, 300, 30, 2, 3, 1),
(126, 'm185ccab81019a39cba16f666f070bb83', 277, 300, 30, 3, 3, 1),
(127, 'm185ccab81019a39cba16f666f070bb83', 277, 600, 30, 2, 3, 1),
(128, 'm185ccab81019a39cba16f666f070bb83', 277, 600, 30, 3, 3, 1),
(129, 'm185ccab81019a39cba16f666f070bb83', 277, 300, 40, 2, 3, 1),
(130, 'm185ccab81019a39cba16f666f070bb83', 277, 300, 40, 3, 3, 1),
(131, 'm185ccab81019a39cba16f666f070bb83', 277, 600, 40, 2, 3, 1),
(132, 'm185ccab81019a39cba16f666f070bb83', 277, 600, 40, 3, 3, 1),
(133, 'm185ccab81019a39cba16f666f070bb83', 279, 300, 20, 2, 3, 1),
(134, 'm185ccab81019a39cba16f666f070bb83', 279, 300, 20, 3, 3, 1),
(135, 'm185ccab81019a39cba16f666f070bb83', 279, 600, 20, 2, 3, 1),
(136, 'm185ccab81019a39cba16f666f070bb83', 279, 600, 20, 3, 3, 1),
(137, 'm185ccab81019a39cba16f666f070bb83', 279, 300, 30, 2, 3, 1),
(138, 'm185ccab81019a39cba16f666f070bb83', 279, 300, 30, 3, 3, 1),
(139, 'm185ccab81019a39cba16f666f070bb83', 279, 600, 30, 2, 3, 1),
(140, 'm185ccab81019a39cba16f666f070bb83', 279, 600, 30, 3, 3, 1),
(141, 'm185ccab81019a39cba16f666f070bb83', 279, 300, 40, 2, 3, 1),
(142, 'm185ccab81019a39cba16f666f070bb83', 279, 300, 40, 3, 3, 1),
(143, 'm185ccab81019a39cba16f666f070bb83', 279, 600, 40, 2, 3, 1),
(144, 'm185ccab81019a39cba16f666f070bb83', 279, 600, 40, 3, 3, 1),
(145, 'm1b414f0be20777c30e0423f441b09db8', 275, 600, 30, 2, 3, 1),
(146, 'm1b414f0be20777c30e0423f441b09db8', 275, 600, 30, 3, 3, 1),
(147, 'm1b414f0be20777c30e0423f441b09db8', 275, 600, 40, 2, 3, 1),
(148, 'm1b414f0be20777c30e0423f441b09db8', 275, 600, 40, 3, 3, 1),
(149, 'm1b414f0be20777c30e0423f441b09db8', 304, 600, 30, 2, 3, 5),
(150, 'm1b414f0be20777c30e0423f441b09db8', 304, 600, 30, 3, 3, 5),
(151, 'm1b414f0be20777c30e0423f441b09db8', 304, 600, 40, 2, 3, 5),
(152, 'm1b414f0be20777c30e0423f441b09db8', 304, 600, 40, 3, 3, 5),
(153, 'm1b414f0be20777c30e0423f441b09db8', 282, 600, 30, 2, 3, 3),
(154, 'm1b414f0be20777c30e0423f441b09db8', 282, 600, 30, 3, 3, 3),
(155, 'm1b414f0be20777c30e0423f441b09db8', 282, 600, 40, 2, 3, 3),
(156, 'm1b414f0be20777c30e0423f441b09db8', 282, 600, 40, 3, 3, 3),
(157, 'm1b414f0be20777c30e0423f441b09db8', 285, 600, 30, 2, 3, 2),
(158, 'm1b414f0be20777c30e0423f441b09db8', 285, 600, 30, 3, 3, 2),
(159, 'm1b414f0be20777c30e0423f441b09db8', 285, 600, 40, 2, 3, 2),
(160, 'm1b414f0be20777c30e0423f441b09db8', 285, 600, 40, 3, 3, 2),
(161, 'm8456fba48ba8c14bdd683e92c7414dc8', 275, 1000, 51, 4, 3, 1),
(162, 'm8456fba48ba8c14bdd683e92c7414dc8', 275, 1000, 51, 5, 3, 1),
(163, 'm8456fba48ba8c14bdd683e92c7414dc8', 275, 1000, 51, 4, 4, 1),
(164, 'm8456fba48ba8c14bdd683e92c7414dc8', 275, 1000, 51, 5, 4, 1),
(165, 'm8456fba48ba8c14bdd683e92c7414dc8', 304, 1000, 51, 4, 3, 1),
(166, 'm8456fba48ba8c14bdd683e92c7414dc8', 304, 1000, 51, 5, 3, 1),
(167, 'm8456fba48ba8c14bdd683e92c7414dc8', 304, 1000, 51, 4, 4, 1),
(168, 'm8456fba48ba8c14bdd683e92c7414dc8', 304, 1000, 51, 5, 4, 1),
(169, 'mc741ce94208d215dc1a80e40c5456cf1', 275, 600, 40, 3, 3, 1),
(170, 'mc741ce94208d215dc1a80e40c5456cf1', 275, 600, 40, 4, 3, 1),
(171, 'mc741ce94208d215dc1a80e40c5456cf1', 275, 1000, 40, 3, 3, 1),
(172, 'mc741ce94208d215dc1a80e40c5456cf1', 275, 1000, 40, 4, 3, 1),
(173, 'mc741ce94208d215dc1a80e40c5456cf1', 287, 600, 40, 3, 3, 1),
(174, 'mc741ce94208d215dc1a80e40c5456cf1', 287, 600, 40, 4, 3, 1),
(175, 'mc741ce94208d215dc1a80e40c5456cf1', 287, 1000, 40, 3, 3, 1),
(176, 'mc741ce94208d215dc1a80e40c5456cf1', 287, 1000, 40, 4, 3, 1),
(177, 'mc741ce94208d215dc1a80e40c5456cf1', 283, 600, 40, 3, 3, 1),
(178, 'mc741ce94208d215dc1a80e40c5456cf1', 283, 600, 40, 4, 3, 1),
(179, 'mc741ce94208d215dc1a80e40c5456cf1', 283, 1000, 40, 3, 3, 1),
(180, 'mc741ce94208d215dc1a80e40c5456cf1', 283, 1000, 40, 4, 3, 1),
(181, 'mc741ce94208d215dc1a80e40c5456cf1', 286, 600, 40, 3, 3, 1),
(182, 'mc741ce94208d215dc1a80e40c5456cf1', 286, 600, 40, 4, 3, 1),
(183, 'mc741ce94208d215dc1a80e40c5456cf1', 286, 1000, 40, 3, 3, 1),
(184, 'mc741ce94208d215dc1a80e40c5456cf1', 286, 1000, 40, 4, 3, 1),
(185, 'mc741ce94208d215dc1a80e40c5456cf1', 304, 600, 40, 3, 3, 3),
(186, 'mc741ce94208d215dc1a80e40c5456cf1', 304, 600, 40, 4, 3, 1),
(187, 'mc741ce94208d215dc1a80e40c5456cf1', 304, 1000, 40, 3, 3, 2),
(188, 'mc741ce94208d215dc1a80e40c5456cf1', 304, 1000, 40, 4, 3, 3),
(189, 'mf82803bf01099c75ac76e774d685b2dc', 275, 1000, 30, 2, 3, 1),
(190, 'mf82803bf01099c75ac76e774d685b2dc', 275, 1000, 30, 3, 3, 1),
(191, 'mf82803bf01099c75ac76e774d685b2dc', 275, 1000, 30, 4, 3, 1),
(192, 'mf82803bf01099c75ac76e774d685b2dc', 275, 1000, 40, 2, 3, 1),
(193, 'mf82803bf01099c75ac76e774d685b2dc', 275, 1000, 40, 3, 3, 1),
(194, 'mf82803bf01099c75ac76e774d685b2dc', 275, 1000, 40, 4, 3, 1),
(195, 'mf82803bf01099c75ac76e774d685b2dc', 276, 1000, 30, 2, 3, 1),
(196, 'mf82803bf01099c75ac76e774d685b2dc', 276, 1000, 30, 3, 3, 1),
(197, 'mf82803bf01099c75ac76e774d685b2dc', 276, 1000, 30, 4, 3, 1),
(198, 'mf82803bf01099c75ac76e774d685b2dc', 276, 1000, 40, 2, 3, 1),
(199, 'mf82803bf01099c75ac76e774d685b2dc', 276, 1000, 40, 3, 3, 1),
(200, 'mf82803bf01099c75ac76e774d685b2dc', 276, 1000, 40, 4, 3, 1),
(201, 'mf82803bf01099c75ac76e774d685b2dc', 278, 1000, 30, 2, 3, 1),
(202, 'mf82803bf01099c75ac76e774d685b2dc', 278, 1000, 30, 3, 3, 1),
(203, 'mf82803bf01099c75ac76e774d685b2dc', 278, 1000, 30, 4, 3, 1),
(204, 'mf82803bf01099c75ac76e774d685b2dc', 278, 1000, 40, 2, 3, 1),
(205, 'mf82803bf01099c75ac76e774d685b2dc', 278, 1000, 40, 3, 3, 1),
(206, 'mf82803bf01099c75ac76e774d685b2dc', 278, 1000, 40, 4, 3, 1),
(207, 'mf82803bf01099c75ac76e774d685b2dc', 283, 1000, 30, 2, 3, 1),
(208, 'mf82803bf01099c75ac76e774d685b2dc', 283, 1000, 30, 3, 3, 1),
(209, 'mf82803bf01099c75ac76e774d685b2dc', 283, 1000, 30, 4, 3, 1),
(210, 'mf82803bf01099c75ac76e774d685b2dc', 283, 1000, 40, 2, 3, 1),
(211, 'mf82803bf01099c75ac76e774d685b2dc', 283, 1000, 40, 3, 3, 1),
(212, 'mf82803bf01099c75ac76e774d685b2dc', 283, 1000, 40, 4, 3, 1),
(213, 'mf82803bf01099c75ac76e774d685b2dc', 277, 1000, 30, 2, 3, 1),
(214, 'mf82803bf01099c75ac76e774d685b2dc', 277, 1000, 30, 3, 3, 1),
(215, 'mf82803bf01099c75ac76e774d685b2dc', 277, 1000, 30, 4, 3, 1),
(216, 'mf82803bf01099c75ac76e774d685b2dc', 277, 1000, 40, 2, 3, 1),
(217, 'mf82803bf01099c75ac76e774d685b2dc', 277, 1000, 40, 3, 3, 1),
(218, 'mf82803bf01099c75ac76e774d685b2dc', 277, 1000, 40, 4, 3, 1),
(219, '0', 275, 600, 40, 3, 3, 1),
(220, '0', 275, 1000, 40, 3, 3, 1),
(221, '0', 284, 600, 40, 3, 3, 1),
(222, '0', 284, 1000, 40, 3, 3, 1),
(223, '0', 299, 600, 40, 3, 3, 1),
(224, '0', 299, 1000, 40, 3, 3, 1),
(225, 'm199cdc39ee6e65811960a187ccf1fcb9', 275, 600, 30, 3, 1, 1),
(226, 'm199cdc39ee6e65811960a187ccf1fcb9', 275, 600, 30, 3, 3, 1),
(227, 'm199cdc39ee6e65811960a187ccf1fcb9', 275, 600, 30, 3, 4, 1),
(228, 'm199cdc39ee6e65811960a187ccf1fcb9', 275, 1500, 30, 3, 1, 1),
(229, 'm199cdc39ee6e65811960a187ccf1fcb9', 275, 1500, 30, 3, 3, 1),
(230, 'm199cdc39ee6e65811960a187ccf1fcb9', 275, 1500, 30, 3, 4, 1),
(231, 'm199cdc39ee6e65811960a187ccf1fcb9', 275, 600, 40, 3, 1, 1),
(232, 'm199cdc39ee6e65811960a187ccf1fcb9', 275, 600, 40, 3, 3, 1),
(233, 'm199cdc39ee6e65811960a187ccf1fcb9', 275, 600, 40, 3, 4, 1),
(234, 'm199cdc39ee6e65811960a187ccf1fcb9', 275, 1500, 40, 3, 1, 1),
(235, 'm199cdc39ee6e65811960a187ccf1fcb9', 275, 1500, 40, 3, 3, 1),
(236, 'm199cdc39ee6e65811960a187ccf1fcb9', 275, 1500, 40, 3, 4, 1),
(237, 'm199cdc39ee6e65811960a187ccf1fcb9', 304, 600, 30, 3, 1, 1),
(238, 'm199cdc39ee6e65811960a187ccf1fcb9', 304, 600, 30, 3, 3, 5),
(239, 'm199cdc39ee6e65811960a187ccf1fcb9', 304, 600, 30, 3, 4, 1),
(240, 'm199cdc39ee6e65811960a187ccf1fcb9', 304, 1500, 30, 3, 1, 1),
(241, 'm199cdc39ee6e65811960a187ccf1fcb9', 304, 1500, 30, 3, 3, 1),
(242, 'm199cdc39ee6e65811960a187ccf1fcb9', 304, 1500, 30, 3, 4, 1),
(243, 'm199cdc39ee6e65811960a187ccf1fcb9', 304, 600, 40, 3, 1, 1),
(244, 'm199cdc39ee6e65811960a187ccf1fcb9', 304, 600, 40, 3, 3, 1),
(245, 'm199cdc39ee6e65811960a187ccf1fcb9', 304, 600, 40, 3, 4, 1),
(246, 'm199cdc39ee6e65811960a187ccf1fcb9', 304, 1500, 40, 3, 1, 1),
(247, 'm199cdc39ee6e65811960a187ccf1fcb9', 304, 1500, 40, 3, 3, 1),
(248, 'm199cdc39ee6e65811960a187ccf1fcb9', 304, 1500, 40, 3, 4, 1),
(249, 'm199cdc39ee6e65811960a187ccf1fcb9', 310, 600, 30, 3, 1, 1),
(250, 'm199cdc39ee6e65811960a187ccf1fcb9', 310, 600, 30, 3, 3, 1),
(251, 'm199cdc39ee6e65811960a187ccf1fcb9', 310, 600, 30, 3, 4, 1),
(252, 'm199cdc39ee6e65811960a187ccf1fcb9', 310, 1500, 30, 3, 1, 1),
(253, 'm199cdc39ee6e65811960a187ccf1fcb9', 310, 1500, 30, 3, 3, 1),
(254, 'm199cdc39ee6e65811960a187ccf1fcb9', 310, 1500, 30, 3, 4, 1),
(255, 'm199cdc39ee6e65811960a187ccf1fcb9', 310, 600, 40, 3, 1, 1),
(256, 'm199cdc39ee6e65811960a187ccf1fcb9', 310, 600, 40, 3, 3, 1),
(257, 'm199cdc39ee6e65811960a187ccf1fcb9', 310, 600, 40, 3, 4, 1),
(258, 'm199cdc39ee6e65811960a187ccf1fcb9', 310, 1500, 40, 3, 1, 1),
(259, 'm199cdc39ee6e65811960a187ccf1fcb9', 310, 1500, 40, 3, 3, 1),
(260, 'm199cdc39ee6e65811960a187ccf1fcb9', 310, 1500, 40, 3, 4, 1),
(261, 'm199cdc39ee6e65811960a187ccf1fcb9', 278, 600, 30, 3, 1, 1),
(262, 'm199cdc39ee6e65811960a187ccf1fcb9', 278, 600, 30, 3, 3, 1),
(263, 'm199cdc39ee6e65811960a187ccf1fcb9', 278, 600, 30, 3, 4, 1),
(264, 'm199cdc39ee6e65811960a187ccf1fcb9', 278, 1500, 30, 3, 1, 1),
(265, 'm199cdc39ee6e65811960a187ccf1fcb9', 278, 1500, 30, 3, 3, 1),
(266, 'm199cdc39ee6e65811960a187ccf1fcb9', 278, 1500, 30, 3, 4, 1),
(267, 'm199cdc39ee6e65811960a187ccf1fcb9', 278, 600, 40, 3, 1, 1),
(268, 'm199cdc39ee6e65811960a187ccf1fcb9', 278, 600, 40, 3, 3, 1),
(269, 'm199cdc39ee6e65811960a187ccf1fcb9', 278, 600, 40, 3, 4, 1),
(270, 'm199cdc39ee6e65811960a187ccf1fcb9', 278, 1500, 40, 3, 1, 1),
(271, 'm199cdc39ee6e65811960a187ccf1fcb9', 278, 1500, 40, 3, 3, 1),
(272, 'm199cdc39ee6e65811960a187ccf1fcb9', 278, 1500, 40, 3, 4, 1),
(273, 'mdfef0a5faf8377eda852a592f32fc71b', 237, 1000, 50, 3, 4, 1),
(274, 'mdfef0a5faf8377eda852a592f32fc71b', 237, 1000, 50, 4, 4, 1),
(275, 'mdfef0a5faf8377eda852a592f32fc71b', 237, 1000, 51, 3, 4, 1),
(276, 'mdfef0a5faf8377eda852a592f32fc71b', 237, 1000, 51, 4, 4, 1),
(277, 'mdfef0a5faf8377eda852a592f32fc71b', 251, 1000, 50, 3, 4, 1),
(278, 'mdfef0a5faf8377eda852a592f32fc71b', 251, 1000, 50, 4, 4, 1),
(279, 'mdfef0a5faf8377eda852a592f32fc71b', 251, 1000, 51, 3, 4, 1),
(280, 'mdfef0a5faf8377eda852a592f32fc71b', 251, 1000, 51, 4, 4, 1),
(281, 'mdfef0a5faf8377eda852a592f32fc71b', 245, 1000, 50, 3, 4, 1),
(282, 'mdfef0a5faf8377eda852a592f32fc71b', 245, 1000, 50, 4, 4, 1),
(283, 'mdfef0a5faf8377eda852a592f32fc71b', 245, 1000, 51, 3, 4, 1),
(284, 'mdfef0a5faf8377eda852a592f32fc71b', 245, 1000, 51, 4, 4, 1),
(285, 'mca3907edc888d46215b3a35c294e73fa', 275, 1000, 30, 2, 3, 1),
(286, 'mca3907edc888d46215b3a35c294e73fa', 275, 1000, 30, 3, 3, 1),
(287, 'mca3907edc888d46215b3a35c294e73fa', 275, 1000, 40, 2, 3, 1),
(288, 'mca3907edc888d46215b3a35c294e73fa', 275, 1000, 40, 3, 3, 1),
(289, 'mca3907edc888d46215b3a35c294e73fa', 304, 1000, 30, 2, 3, 1),
(290, 'mca3907edc888d46215b3a35c294e73fa', 304, 1000, 30, 3, 3, 1),
(291, 'mca3907edc888d46215b3a35c294e73fa', 304, 1000, 40, 2, 3, 5),
(292, 'mca3907edc888d46215b3a35c294e73fa', 304, 1000, 40, 3, 3, 5),
(293, 'm6bb771cd12d1658a7e26b3c63632d8f7', 275, 600, 30, 2, 3, 1),
(294, 'm6bb771cd12d1658a7e26b3c63632d8f7', 275, 1000, 30, 2, 3, 1),
(295, 'm6bb771cd12d1658a7e26b3c63632d8f7', 275, 600, 40, 2, 3, 1),
(296, 'm6bb771cd12d1658a7e26b3c63632d8f7', 275, 1000, 40, 2, 3, 1),
(297, 'm6bb771cd12d1658a7e26b3c63632d8f7', 278, 600, 30, 2, 3, 1),
(298, 'm6bb771cd12d1658a7e26b3c63632d8f7', 278, 1000, 30, 2, 3, 1),
(299, 'm6bb771cd12d1658a7e26b3c63632d8f7', 278, 600, 40, 2, 3, 1),
(300, 'm6bb771cd12d1658a7e26b3c63632d8f7', 278, 1000, 40, 2, 3, 1),
(301, 'm6bb771cd12d1658a7e26b3c63632d8f7', 276, 600, 30, 2, 3, 1),
(302, 'm6bb771cd12d1658a7e26b3c63632d8f7', 276, 1000, 30, 2, 3, 1),
(303, 'm6bb771cd12d1658a7e26b3c63632d8f7', 276, 600, 40, 2, 3, 1),
(304, 'm6bb771cd12d1658a7e26b3c63632d8f7', 276, 1000, 40, 2, 3, 1),
(305, 'm6bb771cd12d1658a7e26b3c63632d8f7', 279, 600, 30, 2, 3, 1),
(306, 'm6bb771cd12d1658a7e26b3c63632d8f7', 279, 1000, 30, 2, 3, 1),
(307, 'm6bb771cd12d1658a7e26b3c63632d8f7', 279, 600, 40, 2, 3, 1),
(308, 'm6bb771cd12d1658a7e26b3c63632d8f7', 279, 1000, 40, 2, 3, 1);

-- --------------------------------------------------------

--
-- 資料表結構 `ex_record_items`
--

CREATE TABLE `ex_record_items` (
  `id` bigint(20) UNSIGNED NOT NULL,
  `user_id` char(33) NOT NULL COMMENT 'ex_user.unid',
  `record_id` bigint(20) UNSIGNED NOT NULL COMMENT 'ex_record.id',
  `main_id` bigint(20) UNSIGNED NOT NULL COMMENT 'ex_main.id',
  `times` int(10) UNSIGNED NOT NULL COMMENT '次數',
  `click_map` tinyint(1) UNSIGNED NOT NULL DEFAULT '0' COMMENT '是否有點地圖',
  `add_favorite` tinyint(1) UNSIGNED NOT NULL DEFAULT '0' COMMENT '是否加入最愛',
  `last_time` timestamp NOT NULL DEFAULT CURRENT_TIMESTAMP COMMENT '上次時間'
) ENGINE=MyISAM DEFAULT CHARSET=utf8 COMMENT='搜尋物件';

--
-- 資料表的匯出資料 `ex_record_items`
--

INSERT INTO `ex_record_items` (`id`, `user_id`, `record_id`, `main_id`, `times`, `click_map`, `add_favorite`, `last_time`) VALUES
(1, 'm185ccab81019a39cba16f666f070bb83', 24, 16, 5, 1, 1, '2019-01-05 12:42:17'),
(2, 'm185ccab81019a39cba16f666f070bb83', 24, 17, 5, 1, 1, '2019-01-05 12:42:17'),
(3, 'm185ccab81019a39cba16f666f070bb83', 20, 5, 1, 0, 0, '2019-01-05 13:01:37'),
(4, 'm185ccab81019a39cba16f666f070bb83', 20, 6, 1, 1, 0, '2019-01-05 13:01:37'),
(5, 'm185ccab81019a39cba16f666f070bb83', 20, 12, 1, 0, 0, '2019-01-05 13:03:43'),
(6, 'm185ccab81019a39cba16f666f070bb83', 20, 14, 1, 0, 0, '2019-01-05 13:03:43'),
(7, 'm185ccab81019a39cba16f666f070bb83', 32, 8, 3, 1, 0, '2019-01-05 13:09:43'),
(8, 'm185ccab81019a39cba16f666f070bb83', 32, 10, 3, 0, 0, '2019-01-05 13:09:43'),
(9, 'm185ccab81019a39cba16f666f070bb83', 32, 19, 3, 0, 0, '2019-01-05 13:10:10'),
(10, 'm185ccab81019a39cba16f666f070bb83', 44, 9, 1, 1, 0, '2019-01-05 13:13:38'),
(11, 'm185ccab81019a39cba16f666f070bb83', 48, 7, 1, 1, 0, '2019-01-05 13:13:38'),
(12, 'm185ccab81019a39cba16f666f070bb83', 48, 18, 5, 1, 1, '2019-01-05 13:13:38'),
(13, 'm185ccab81019a39cba16f666f070bb83', 48, 20, 1, 0, 0, '2019-01-05 13:13:38'),
(14, 'm185ccab81019a39cba16f666f070bb83', 55, 21, 1, 0, 0, '2019-01-05 13:18:34'),
(15, 'm185ccab81019a39cba16f666f070bb83', 55, 22, 5, 1, 1, '2019-01-05 13:18:34'),
(16, 'm185ccab81019a39cba16f666f070bb83', 68, 11, 1, 0, 0, '2019-01-05 13:21:04'),
(17, 'm185ccab81019a39cba16f666f070bb83', 76, 13, 1, 1, 0, '2019-01-05 13:22:38'),
(18, 'm185ccab81019a39cba16f666f070bb83', 91, 32, 1, 0, 0, '2019-01-05 13:24:15'),
(19, 'm185ccab81019a39cba16f666f070bb83', 91, 33, 1, 1, 0, '2019-01-05 13:24:15'),
(20, 'm185ccab81019a39cba16f666f070bb83', 103, 24, 1, 1, 0, '2019-01-05 13:37:45'),
(21, 'm185ccab81019a39cba16f666f070bb83', 104, 25, 5, 1, 1, '2019-01-05 13:37:45'),
(22, 'm185ccab81019a39cba16f666f070bb83', 115, 29, 1, 0, 0, '2019-01-05 13:40:07'),
(23, 'm185ccab81019a39cba16f666f070bb83', 111, 30, 1, 0, 0, '2019-01-05 13:40:07'),
(24, 'm185ccab81019a39cba16f666f070bb83', 127, 31, 1, 1, 0, '2019-01-05 13:41:37'),
(25, 'm1b414f0be20777c30e0423f441b09db8', 150, 8, 6, 1, 1, '2019-01-05 13:55:53'),
(26, 'm1b414f0be20777c30e0423f441b09db8', 150, 10, 10, 1, 1, '2019-01-05 13:55:53'),
(27, 'm1b414f0be20777c30e0423f441b09db8', 150, 19, 8, 1, 1, '2019-01-05 13:55:53'),
(28, 'm1b414f0be20777c30e0423f441b09db8', 153, 32, 3, 1, 0, '2019-01-05 13:58:26'),
(29, 'm1b414f0be20777c30e0423f441b09db8', 153, 33, 2, 1, 0, '2019-01-05 13:58:26'),
(30, 'm1b414f0be20777c30e0423f441b09db8', 157, 24, 1, 1, 0, '2019-01-05 14:00:20'),
(31, 'm1b414f0be20777c30e0423f441b09db8', 160, 25, 1, 1, 0, '2019-01-05 14:00:20'),
(32, 'mc741ce94208d215dc1a80e40c5456cf1', 177, 15, 1, 1, 0, '2019-01-05 15:37:38'),
(33, 'mc741ce94208d215dc1a80e40c5456cf1', 177, 16, 3, 1, 1, '2019-01-05 15:37:38'),
(34, 'mc741ce94208d215dc1a80e40c5456cf1', 177, 17, 3, 1, 1, '2019-01-05 15:37:38'),
(35, 'mc741ce94208d215dc1a80e40c5456cf1', 181, 7, 1, 1, 0, '2019-01-05 15:39:15'),
(36, 'mc741ce94208d215dc1a80e40c5456cf1', 181, 18, 3, 1, 1, '2019-01-05 15:39:15'),
(37, 'mc741ce94208d215dc1a80e40c5456cf1', 181, 20, 3, 1, 1, '2019-01-05 15:39:15'),
(38, 'mc741ce94208d215dc1a80e40c5456cf1', 185, 8, 3, 1, 1, '2019-01-05 15:41:31'),
(39, 'mc741ce94208d215dc1a80e40c5456cf1', 185, 10, 3, 1, 1, '2019-01-05 15:41:31'),
(40, 'mc741ce94208d215dc1a80e40c5456cf1', 188, 19, 3, 1, 1, '2019-01-05 15:41:31'),
(41, 'mf82803bf01099c75ac76e774d685b2dc', 195, 26, 3, 1, 0, '2019-01-06 03:17:48'),
(42, 'm199cdc39ee6e65811960a187ccf1fcb9', 238, 8, 5, 1, 1, '2019-01-06 03:24:06'),
(43, 'm199cdc39ee6e65811960a187ccf1fcb9', 238, 10, 6, 1, 1, '2019-01-06 03:24:06'),
(44, 'm199cdc39ee6e65811960a187ccf1fcb9', 238, 19, 8, 1, 1, '2019-01-06 03:24:06'),
(45, 'm6bb771cd12d1658a7e26b3c63632d8f7', 297, 3, 3, 1, 0, '2019-01-08 10:53:52'),
(46, 'm6bb771cd12d1658a7e26b3c63632d8f7', 301, 29, 3, 1, 0, '2019-01-08 10:53:52'),
(47, 'm8456fba48ba8c14bdd683e92c7414dc8', 165, 35, 1, 1, 0, '2019-01-08 11:48:49'),
(48, 'm8456fba48ba8c14bdd683e92c7414dc8', 165, 36, 5, 1, 1, '2019-01-08 11:48:49'),
(49, 'm8456fba48ba8c14bdd683e92c7414dc8', 165, 37, 5, 1, 1, '2019-01-08 11:48:49'),
(50, 'm8456fba48ba8c14bdd683e92c7414dc8', 165, 38, 1, 1, 0, '2019-01-08 11:48:49'),
(51, 'm8456fba48ba8c14bdd683e92c7414dc8', 165, 39, 2, 1, 0, '2019-01-08 11:48:49'),
(52, 'm8456fba48ba8c14bdd683e92c7414dc8', 165, 40, 1, 1, 0, '2019-01-08 11:48:49'),
(53, 'mc741ce94208d215dc1a80e40c5456cf1', 187, 38, 2, 1, 1, '2019-01-08 11:57:36'),
(54, 'mc741ce94208d215dc1a80e40c5456cf1', 187, 41, 2, 1, 1, '2019-01-08 11:57:36'),
(55, 'mc741ce94208d215dc1a80e40c5456cf1', 188, 35, 1, 1, 0, '2019-01-08 11:59:59'),
(56, 'mca3907edc888d46215b3a35c294e73fa', 291, 43, 5, 1, 0, '2019-01-08 12:05:38'),
(57, 'mca3907edc888d46215b3a35c294e73fa', 291, 42, 1, 1, 0, '2019-01-08 12:05:38'),
(58, 'mca3907edc888d46215b3a35c294e73fa', 292, 41, 1, 1, 0, '2019-01-08 12:05:38'),
(59, 'mca3907edc888d46215b3a35c294e73fa', 292, 38, 5, 1, 0, '2019-01-08 12:05:38');

-- --------------------------------------------------------

--
-- 資料表結構 `ex_record_items_map`
--

CREATE TABLE `ex_record_items_map` (
  `id` bigint(20) UNSIGNED NOT NULL,
  `record_items_id` bigint(20) UNSIGNED NOT NULL COMMENT 'ex_record_items.id',
  `stay_time` int(10) UNSIGNED NOT NULL COMMENT '停留時間'
) ENGINE=MyISAM DEFAULT CHARSET=utf8;

--
-- 資料表的匯出資料 `ex_record_items_map`
--

INSERT INTO `ex_record_items_map` (`id`, `record_items_id`, `stay_time`) VALUES
(1, 24, 13),
(2, 4, 9),
(3, 7, 8),
(4, 10, 12),
(5, 11, 15),
(6, 20, 20),
(7, 19, 10),
(8, 17, 10),
(9, 21, 60),
(10, 15, 60),
(11, 12, 60),
(12, 2, 60),
(13, 1, 60),
(14, 30, 30),
(15, 31, 30),
(16, 29, 20),
(17, 28, 10),
(18, 25, 60),
(19, 27, 60),
(20, 26, 60),
(21, 32, 15),
(22, 35, 20),
(23, 33, 60),
(24, 34, 60),
(25, 35, 60),
(26, 36, 60),
(27, 37, 60),
(28, 38, 60),
(29, 39, 60),
(30, 40, 60),
(31, 41, 60),
(32, 42, 60),
(33, 43, 60),
(34, 44, 60),
(35, 45, 60),
(36, 46, 60),
(37, 47, 20),
(38, 48, 60),
(39, 49, 60),
(40, 50, 10),
(41, 51, 20),
(42, 52, 30),
(43, 53, 60),
(44, 54, 60),
(45, 55, 20),
(46, 56, 60),
(47, 57, 20),
(48, 58, 30),
(49, 59, 60);

-- --------------------------------------------------------

--
-- 資料表結構 `ex_record_items_stay`
--

CREATE TABLE `ex_record_items_stay` (
  `id` bigint(20) UNSIGNED NOT NULL,
  `record_items_id` bigint(20) UNSIGNED NOT NULL COMMENT 'ex_record_items.id',
  `stay_time` int(11) UNSIGNED NOT NULL COMMENT '停留時間'
) ENGINE=MyISAM DEFAULT CHARSET=utf8 COMMENT='搜尋物件停留時間';

--
-- 資料表的匯出資料 `ex_record_items_stay`
--

INSERT INTO `ex_record_items_stay` (`id`, `record_items_id`, `stay_time`) VALUES
(1, 1, 180),
(2, 2, 180),
(3, 3, 20),
(4, 4, 15),
(5, 5, 21),
(6, 6, 30),
(7, 7, 60),
(8, 8, 35),
(9, 9, 50),
(10, 10, 60),
(11, 11, 111),
(12, 12, 180),
(13, 13, 20),
(14, 14, 30),
(15, 15, 180),
(16, 16, 10),
(17, 17, 20),
(18, 18, 30),
(19, 19, 40),
(20, 20, 50),
(21, 21, 180),
(22, 22, 10),
(23, 23, 20),
(24, 24, 30),
(25, 25, 700),
(26, 26, 600),
(27, 27, 500),
(28, 28, 400),
(29, 29, 300),
(30, 30, 15),
(31, 31, 30),
(32, 1, 30),
(33, 1, 65),
(34, 1, 120),
(35, 1, 30),
(36, 1, 65),
(37, 1, 120),
(38, 1, 30),
(39, 2, 30),
(40, 2, 65),
(41, 2, 120),
(42, 2, 30),
(43, 12, 30),
(44, 12, 65),
(45, 12, 120),
(46, 12, 30),
(47, 15, 30),
(48, 15, 65),
(49, 15, 120),
(50, 15, 30),
(51, 21, 30),
(52, 21, 65),
(53, 21, 120),
(54, 21, 30),
(55, 25, 30),
(56, 25, 65),
(57, 25, 300),
(58, 25, 150),
(59, 25, 120),
(60, 26, 30),
(61, 26, 65),
(62, 26, 300),
(63, 26, 150),
(64, 26, 120),
(65, 26, 40),
(66, 26, 110),
(67, 26, 200),
(68, 26, 80),
(69, 32, 20),
(70, 33, 600),
(71, 33, 300),
(72, 33, 60),
(73, 34, 600),
(74, 34, 300),
(75, 34, 60),
(76, 35, 20),
(77, 36, 600),
(78, 36, 300),
(79, 36, 60),
(80, 37, 600),
(81, 37, 300),
(82, 37, 60),
(83, 38, 600),
(84, 38, 300),
(85, 38, 60),
(86, 39, 600),
(87, 39, 300),
(88, 39, 60),
(89, 40, 600),
(90, 40, 300),
(91, 40, 60),
(92, 41, 300),
(93, 41, 100),
(94, 41, 200),
(95, 42, 300),
(96, 42, 400),
(97, 42, 500),
(98, 42, 600),
(99, 42, 200),
(100, 43, 300),
(101, 43, 400),
(102, 43, 500),
(103, 43, 600),
(104, 43, 200),
(105, 43, 100),
(106, 44, 300),
(107, 44, 400),
(108, 44, 500),
(109, 44, 600),
(110, 44, 200),
(111, 44, 100),
(112, 44, 60),
(113, 44, 150),
(114, 45, 180),
(115, 45, 120),
(116, 45, 100),
(117, 46, 180),
(118, 46, 60),
(119, 46, 30),
(120, 47, 150),
(121, 48, 300),
(122, 48, 200),
(123, 48, 100),
(124, 48, 50),
(125, 48, 30),
(126, 49, 300),
(127, 49, 200),
(128, 49, 100),
(129, 49, 60),
(130, 49, 60),
(131, 50, 100),
(132, 51, 150),
(133, 52, 150),
(134, 53, 300),
(135, 53, 300),
(136, 54, 400),
(137, 54, 400),
(138, 55, 20),
(139, 56, 300),
(140, 56, 150),
(141, 56, 100),
(142, 56, 60),
(143, 56, 30),
(144, 57, 150),
(145, 58, 150),
(146, 59, 300),
(147, 59, 150),
(148, 59, 100),
(149, 59, 60),
(150, 59, 30),
(151, 7, 45),
(152, 7, 100);

-- --------------------------------------------------------

--
-- 資料表結構 `ex_source`
--

CREATE TABLE `ex_source` (
  `id` int(10) UNSIGNED NOT NULL,
  `name` varchar(20) NOT NULL,
  `sort` tinyint(3) UNSIGNED NOT NULL DEFAULT '0'
) ENGINE=MyISAM DEFAULT CHARSET=utf8 COMMENT='資料來源';

--
-- 資料表的匯出資料 `ex_source`
--

INSERT INTO `ex_source` (`id`, `name`, `sort`) VALUES
(1, '591 中古屋', 0),
(2, '591 新屋', 0);

-- --------------------------------------------------------

--
-- 資料表結構 `ex_stauts`
--

CREATE TABLE `ex_stauts` (
  `id` int(11) UNSIGNED NOT NULL,
  `name` varchar(50) CHARACTER SET utf8 COLLATE utf8_german2_ci NOT NULL,
  `sort` int(11) UNSIGNED NOT NULL DEFAULT '0'
) ENGINE=MyISAM DEFAULT CHARSET=utf8 COMMENT='狀態';

--
-- 資料表的匯出資料 `ex_stauts`
--

INSERT INTO `ex_stauts` (`id`, `name`, `sort`) VALUES
(1, '預售屋', 0),
(2, '毛胚屋', 0),
(3, '新成屋', 0),
(4, '中古屋', 0),
(5, '實品屋', 0);

-- --------------------------------------------------------

--
-- 資料表結構 `ex_type`
--

CREATE TABLE `ex_type` (
  `id` int(11) UNSIGNED NOT NULL,
  `name` varchar(50) NOT NULL,
  `sort` int(11) UNSIGNED NOT NULL DEFAULT '0'
) ENGINE=MyISAM DEFAULT CHARSET=utf8 COMMENT='房屋型態';

--
-- 資料表的匯出資料 `ex_type`
--

INSERT INTO `ex_type` (`id`, `name`, `sort`) VALUES
(1, '公寓', 0),
(2, '華廈', 0),
(3, '電梯大樓', 0),
(4, '透天', 0),
(5, '別墅', 0),
(6, '獨棟', 0),
(7, '雙併', 0),
(8, '連棟', 0),
(9, '樓中樓', 0),
(10, '套房', 0);

-- --------------------------------------------------------

--
-- 資料表結構 `ex_user`
--

CREATE TABLE `ex_user` (
  `id` bigint(11) UNSIGNED NOT NULL,
  `unid` char(33) NOT NULL,
  `name` varchar(50) NOT NULL COMMENT '姓名',
  `email` varchar(255) NOT NULL COMMENT '信箱',
  `pwd` char(32) NOT NULL COMMENT '密碼',
  `age` tinyint(3) UNSIGNED NOT NULL COMMENT '年齡區間',
  `sex` char(1) NOT NULL DEFAULT 'M' COMMENT '性別:M:男;W:女',
  `area_id` int(11) UNSIGNED NOT NULL COMMENT '區域',
  `add_date` datetime NOT NULL COMMENT '加入時間',
  `login_time` datetime NOT NULL COMMENT '登入時間',
  `logout_time` datetime NOT NULL COMMENT '登出時間'
) ENGINE=MyISAM DEFAULT CHARSET=utf8;

--
-- 資料表的匯出資料 `ex_user`
--

INSERT INTO `ex_user` (`id`, `unid`, `name`, `email`, `pwd`, `age`, `sex`, `area_id`, `add_date`, `login_time`, `logout_time`) VALUES
(1, 'm185ccab81019a39cba16f666f070bb83', '張小姐', 'jellyandjar@yahoo.com.tw', '9fab6755cd2e8817d3e73b0978ca54a6', 35, 'W', 282, '2018-12-30 10:22:00', '2018-12-30 10:22:00', '0000-00-00 00:00:00'),
(2, 'm1b414f0be20777c30e0423f441b09db8', '郭先生', 'jellyandjar@yahoo.com.tw', '9fab6755cd2e8817d3e73b0978ca54a6', 25, 'M', 304, '2018-12-30 10:22:00', '2018-12-30 10:22:00', '0000-00-00 00:00:00'),
(3, 'm8456fba48ba8c14bdd683e92c7414dc8', '劉先生', 'jellyandjar@yahoo.com.tw', '9fab6755cd2e8817d3e73b0978ca54a6', 35, 'M', 304, '2018-12-30 10:22:00', '2018-12-30 10:22:00', '0000-00-00 00:00:00'),
(4, 'mc741ce94208d215dc1a80e40c5456cf1', '陳先生', 'jellyandjar@yahoo.com.tw', '9fab6755cd2e8817d3e73b0978ca54a6', 30, 'M', 282, '2018-12-30 10:22:00', '2018-12-30 10:22:00', '0000-00-00 00:00:00'),
(5, 'mf82803bf01099c75ac76e774d685b2dc', '潘先生', 'jellyandjar@yahoo.com.tw', '9fab6755cd2e8817d3e73b0978ca54a6', 25, 'M', 276, '2018-12-30 10:22:00', '2018-12-30 10:22:00', '0000-00-00 00:00:00'),
(6, 'm9e3954249a75ceccc925c5b11a9ab970', '張小姐', 'jellyandjar@yahoo.com.tw', '9fab6755cd2e8817d3e73b0978ca54a6', 30, 'W', 284, '2018-12-30 10:22:00', '2018-12-30 10:22:00', '0000-00-00 00:00:00'),
(7, 'm199cdc39ee6e65811960a187ccf1fcb9', '鍾先生', 'jellyandjar@yahoo.com.tw', '9fab6755cd2e8817d3e73b0978ca54a6', 30, 'M', 304, '2018-12-30 10:22:00', '2018-12-30 10:22:00', '0000-00-00 00:00:00'),
(8, 'mdfef0a5faf8377eda852a592f32fc71b', '黃先生', 'jellyandjar@yahoo.com.tw', '9fab6755cd2e8817d3e73b0978ca54a6', 30, 'M', 251, '2019-01-05 23:26:05', '2019-01-05 23:26:05', '0000-00-00 00:00:00'),
(9, 'mca3907edc888d46215b3a35c294e73fa', '蕭先生', 'jellyandjar@yahoo.com.tw', '9fab6755cd2e8817d3e73b0978ca54a6', 25, 'M', 304, '2019-01-05 23:26:05', '2019-01-05 23:26:05', '0000-00-00 00:00:00'),
(10, 'm6bb771cd12d1658a7e26b3c63632d8f7', '辛先生', 'jellyandjar@yahoo.com.tw', '9fab6755cd2e8817d3e73b0978ca54a6', 30, 'M', 283, '2019-01-08 11:42:12', '2019-01-08 11:42:12', '0000-00-00 00:00:00');

-- --------------------------------------------------------

--
-- 替換檢視表以便查看 `ex_user_record_view`
-- (請參考以下實際畫面)
--
CREATE TABLE `ex_user_record_view` (
`record_id` bigint(20) unsigned
,`user_id` char(33)
,`area` int(11) unsigned
,`price` int(11) unsigned
,`ping` int(11) unsigned
,`style` int(11) unsigned
,`type` int(11) unsigned
,`record_times` int(11) unsigned
,`main_id` bigint(20) unsigned
,`items_times` int(10) unsigned
,`click_map` tinyint(1) unsigned
,`add_favorite` tinyint(1) unsigned
,`last_time` timestamp
,`item_stay_time` int(11) unsigned
,`map_stay_time` int(10) unsigned
);

-- --------------------------------------------------------

--
-- 檢視表結構 `ex_user_record_view`
--
DROP TABLE IF EXISTS `ex_user_record_view`;

CREATE ALGORITHM=UNDEFINED DEFINER=`root`@`localhost` SQL SECURITY DEFINER VIEW `ex_user_record_view`  AS  select `record`.`id` AS `record_id`,`record`.`user_id` AS `user_id`,`record`.`area` AS `area`,`record`.`price` AS `price`,`record`.`ping` AS `ping`,`record`.`style` AS `style`,`record`.`type` AS `type`,`record`.`times` AS `record_times`,`items`.`main_id` AS `main_id`,`items`.`times` AS `items_times`,`items`.`click_map` AS `click_map`,`items`.`add_favorite` AS `add_favorite`,`items`.`last_time` AS `last_time`,`items_stay`.`stay_time` AS `item_stay_time`,`items_map`.`stay_time` AS `map_stay_time` from (`ex_record` `record` join ((`ex_record_items` `items` left join `ex_record_items_stay` `items_stay` on((`items_stay`.`record_items_id` = `items`.`id`))) left join `ex_record_items_map` `items_map` on((`items_map`.`record_items_id` = `items`.`id`)))) where ((`record`.`id` = `items`.`record_id`) and (`items`.`times` > 1) and (`items_stay`.`stay_time` > 5) and (`items`.`last_time` >= (now() - interval 180 day)) and ((select count(`ex_main`.`id`) from `ex_main` where ((`ex_main`.`is_closed` = 0) and (`ex_main`.`id` = `items`.`main_id`))) > 0)) ;

--
-- 已匯出資料表的索引
--

--
-- 資料表索引 `ex_area`
--
ALTER TABLE `ex_area`
  ADD PRIMARY KEY (`id`),
  ADD KEY `name` (`name`);

--
-- 資料表索引 `ex_around`
--
ALTER TABLE `ex_around`
  ADD PRIMARY KEY (`id`),
  ADD UNIQUE KEY `name` (`name`);

--
-- 資料表索引 `ex_direction`
--
ALTER TABLE `ex_direction`
  ADD PRIMARY KEY (`id`),
  ADD UNIQUE KEY `name` (`name`);

--
-- 資料表索引 `ex_images`
--
ALTER TABLE `ex_images`
  ADD PRIMARY KEY (`id`),
  ADD KEY `number` (`number`) USING BTREE;

--
-- 資料表索引 `ex_main`
--
ALTER TABLE `ex_main`
  ADD PRIMARY KEY (`id`),
  ADD UNIQUE KEY `unid` (`unid`),
  ADD KEY `source` (`source`,`number`,`city`);

--
-- 資料表索引 `ex_record`
--
ALTER TABLE `ex_record`
  ADD PRIMARY KEY (`id`),
  ADD UNIQUE KEY `user_id` (`user_id`,`area`,`price`,`ping`,`style`,`type`) USING BTREE;

--
-- 資料表索引 `ex_record_items`
--
ALTER TABLE `ex_record_items`
  ADD PRIMARY KEY (`id`),
  ADD KEY `user_id` (`user_id`,`record_id`,`main_id`);

--
-- 資料表索引 `ex_record_items_map`
--
ALTER TABLE `ex_record_items_map`
  ADD PRIMARY KEY (`id`),
  ADD KEY `record_items_id` (`record_items_id`);

--
-- 資料表索引 `ex_record_items_stay`
--
ALTER TABLE `ex_record_items_stay`
  ADD PRIMARY KEY (`id`),
  ADD KEY `record_items_id` (`record_items_id`,`stay_time`) USING BTREE;

--
-- 資料表索引 `ex_source`
--
ALTER TABLE `ex_source`
  ADD PRIMARY KEY (`id`),
  ADD UNIQUE KEY `name` (`name`);

--
-- 資料表索引 `ex_stauts`
--
ALTER TABLE `ex_stauts`
  ADD PRIMARY KEY (`id`),
  ADD UNIQUE KEY `name` (`name`);

--
-- 資料表索引 `ex_type`
--
ALTER TABLE `ex_type`
  ADD PRIMARY KEY (`id`),
  ADD UNIQUE KEY `name` (`name`);

--
-- 資料表索引 `ex_user`
--
ALTER TABLE `ex_user`
  ADD PRIMARY KEY (`id`),
  ADD UNIQUE KEY `email` (`unid`,`email`) USING BTREE;

--
-- 在匯出的資料表使用 AUTO_INCREMENT
--

--
-- 使用資料表 AUTO_INCREMENT `ex_area`
--
ALTER TABLE `ex_area`
  MODIFY `id` int(10) UNSIGNED NOT NULL AUTO_INCREMENT, AUTO_INCREMENT=398;

--
-- 使用資料表 AUTO_INCREMENT `ex_around`
--
ALTER TABLE `ex_around`
  MODIFY `id` int(11) UNSIGNED NOT NULL AUTO_INCREMENT, AUTO_INCREMENT=20;

--
-- 使用資料表 AUTO_INCREMENT `ex_direction`
--
ALTER TABLE `ex_direction`
  MODIFY `id` int(10) UNSIGNED NOT NULL AUTO_INCREMENT, AUTO_INCREMENT=9;

--
-- 使用資料表 AUTO_INCREMENT `ex_images`
--
ALTER TABLE `ex_images`
  MODIFY `id` bigint(20) UNSIGNED NOT NULL AUTO_INCREMENT, AUTO_INCREMENT=25;

--
-- 使用資料表 AUTO_INCREMENT `ex_main`
--
ALTER TABLE `ex_main`
  MODIFY `id` bigint(20) UNSIGNED NOT NULL AUTO_INCREMENT COMMENT '序號', AUTO_INCREMENT=116;

--
-- 使用資料表 AUTO_INCREMENT `ex_record`
--
ALTER TABLE `ex_record`
  MODIFY `id` bigint(20) UNSIGNED NOT NULL AUTO_INCREMENT, AUTO_INCREMENT=309;

--
-- 使用資料表 AUTO_INCREMENT `ex_record_items`
--
ALTER TABLE `ex_record_items`
  MODIFY `id` bigint(20) UNSIGNED NOT NULL AUTO_INCREMENT, AUTO_INCREMENT=60;

--
-- 使用資料表 AUTO_INCREMENT `ex_record_items_map`
--
ALTER TABLE `ex_record_items_map`
  MODIFY `id` bigint(20) UNSIGNED NOT NULL AUTO_INCREMENT, AUTO_INCREMENT=50;

--
-- 使用資料表 AUTO_INCREMENT `ex_record_items_stay`
--
ALTER TABLE `ex_record_items_stay`
  MODIFY `id` bigint(20) UNSIGNED NOT NULL AUTO_INCREMENT, AUTO_INCREMENT=153;

--
-- 使用資料表 AUTO_INCREMENT `ex_source`
--
ALTER TABLE `ex_source`
  MODIFY `id` int(10) UNSIGNED NOT NULL AUTO_INCREMENT, AUTO_INCREMENT=3;

--
-- 使用資料表 AUTO_INCREMENT `ex_stauts`
--
ALTER TABLE `ex_stauts`
  MODIFY `id` int(11) UNSIGNED NOT NULL AUTO_INCREMENT, AUTO_INCREMENT=6;

--
-- 使用資料表 AUTO_INCREMENT `ex_type`
--
ALTER TABLE `ex_type`
  MODIFY `id` int(11) UNSIGNED NOT NULL AUTO_INCREMENT, AUTO_INCREMENT=11;

--
-- 使用資料表 AUTO_INCREMENT `ex_user`
--
ALTER TABLE `ex_user`
  MODIFY `id` bigint(11) UNSIGNED NOT NULL AUTO_INCREMENT, AUTO_INCREMENT=11;
COMMIT;

/*!40101 SET CHARACTER_SET_CLIENT=@OLD_CHARACTER_SET_CLIENT */;
/*!40101 SET CHARACTER_SET_RESULTS=@OLD_CHARACTER_SET_RESULTS */;
/*!40101 SET COLLATION_CONNECTION=@OLD_COLLATION_CONNECTION */;
