-- phpMyAdmin SQL Dump
-- version 4.8.0
-- https://www.phpmyadmin.net/
--
-- 主機: 127.0.0.1
-- 產生時間： 2019 年 01 月 02 日 16:51
-- 伺服器版本: 10.1.31-MariaDB
-- PHP 版本： 7.2.4

SET SQL_MODE = "NO_AUTO_VALUE_ON_ZERO";
SET AUTOCOMMIT = 0;
START TRANSACTION;
SET time_zone = "+00:00";


/*!40101 SET @OLD_CHARACTER_SET_CLIENT=@@CHARACTER_SET_CLIENT */;
/*!40101 SET @OLD_CHARACTER_SET_RESULTS=@@CHARACTER_SET_RESULTS */;
/*!40101 SET @OLD_COLLATION_CONNECTION=@@COLLATION_CONNECTION */;
/*!40101 SET NAMES utf8mb4 */;

--
-- 資料庫： `myweb`
--

-- --------------------------------------------------------

--
-- 資料表結構 `ex_area`
--

CREATE TABLE `ex_area` (
  `id` int(10) UNSIGNED NOT NULL,
  `zip_code` int(10) UNSIGNED NOT NULL DEFAULT '0',
  `name` char(20) CHARACTER SET utf8 COLLATE utf8_unicode_ci NOT NULL,
  `city_id` int(10) UNSIGNED NOT NULL DEFAULT '0',
  `sort` int(11) UNSIGNED NOT NULL DEFAULT '0' COMMENT '排序',
  `disable` tinyint(1) UNSIGNED NOT NULL COMMENT '顯示(0:顯示;1:不顯示)'
) ENGINE=MyISAM DEFAULT CHARSET=utf8 COMMENT='縣市';

--
-- 資料表的匯出資料 `ex_area`
--

INSERT INTO `ex_area` (`id`, `zip_code`, `name`, `city_id`, `sort`, `disable`) VALUES
(1, 0, '臺北市', 0, 0, 0),
(2, 100, '中正區', 1, 0, 0),
(3, 103, '大同區', 1, 0, 0),
(4, 104, '中山區', 1, 0, 0),
(5, 105, '松山區', 1, 0, 0),
(6, 106, '大安區', 1, 0, 0),
(7, 108, '萬華區', 1, 0, 0),
(8, 110, '信義區', 1, 0, 0),
(9, 111, '士林區', 1, 0, 0),
(10, 112, '北投區', 1, 0, 0),
(11, 114, '內湖區', 1, 0, 0),
(12, 115, '南港區', 1, 0, 0),
(13, 116, '文山區', 1, 0, 0),
(14, 0, '基隆市', 0, 0, 0),
(15, 200, '仁愛區', 14, 0, 0),
(16, 201, '信義區', 14, 0, 0),
(17, 202, '中正區', 14, 0, 0),
(18, 203, '中山區', 14, 0, 0),
(19, 204, '安樂區', 14, 0, 0),
(20, 205, '暖暖區', 14, 0, 0),
(21, 206, '七堵區', 14, 0, 0),
(22, 0, '新北市', 0, 0, 0),
(23, 207, '萬里區', 22, 0, 0),
(24, 208, '金山區', 22, 0, 0),
(25, 0, '福建省連江縣', 0, 0, 1),
(26, 209, '南竿鄉', 25, 0, 0),
(27, 210, '北竿鄉', 25, 0, 0),
(28, 211, '莒光鄉', 25, 0, 0),
(29, 212, '東引鄉', 25, 0, 0),
(30, 220, '板橋區', 22, 0, 0),
(31, 221, '汐止區', 22, 0, 0),
(32, 222, '深坑區', 22, 0, 0),
(33, 223, '石碇區', 22, 0, 0),
(34, 224, '瑞芳區', 22, 0, 0),
(35, 226, '平溪區', 22, 0, 0),
(36, 227, '雙溪區', 22, 0, 0),
(37, 228, '貢寮區', 22, 0, 0),
(38, 231, '新店區', 22, 0, 0),
(39, 232, '坪林區', 22, 0, 0),
(40, 233, '烏來區', 22, 0, 0),
(41, 234, '永和區', 22, 0, 0),
(42, 235, '中和區', 22, 0, 0),
(43, 236, '土城區', 22, 0, 0),
(44, 237, '三峽區', 22, 0, 0),
(45, 238, '樹林區', 22, 0, 0),
(46, 239, '鶯歌區', 22, 0, 0),
(47, 241, '三重區', 22, 0, 0),
(48, 242, '新莊區', 22, 0, 0),
(49, 243, '泰山區', 22, 0, 0),
(50, 244, '林口區', 22, 0, 0),
(51, 247, '蘆洲區', 22, 0, 0),
(52, 248, '五股區', 22, 0, 0),
(53, 249, '八里區', 22, 0, 0),
(54, 251, '淡水區', 22, 0, 0),
(55, 252, '三芝區', 22, 0, 0),
(56, 253, '石門區', 22, 0, 0),
(57, 0, '宜蘭縣', 0, 0, 0),
(58, 260, '宜蘭市', 57, 0, 0),
(59, 260, '壯圍鄉', 57, 0, 0),
(60, 261, '頭城鎮', 57, 0, 0),
(61, 262, '礁溪鄉', 57, 0, 0),
(62, 264, '員山鄉', 57, 0, 0),
(63, 265, '羅東鎮', 57, 0, 0),
(64, 266, '三星鄉', 57, 0, 0),
(65, 267, '大同鄉', 57, 0, 0),
(66, 268, '五結鄉', 57, 0, 0),
(67, 269, '冬山鄉', 57, 0, 0),
(68, 270, '蘇澳鎮', 57, 0, 0),
(69, 272, '南澳鄉', 57, 0, 0),
(70, 290, '釣魚臺', 57, 0, 0),
(71, 290, '釣魚臺', 70, 0, 0),
(72, 0, '新竹市', 0, 0, 0),
(73, 300, '東區', 72, 0, 0),
(74, 300, '北區', 72, 0, 0),
(75, 300, '香山區', 72, 0, 0),
(76, 0, '新竹縣', 0, 0, 0),
(77, 300, '寶山鄉', 76, 0, 0),
(78, 302, '竹北市', 76, 0, 0),
(79, 303, '湖口鄉', 76, 0, 0),
(80, 304, '新豐鄉', 76, 0, 0),
(81, 305, '新埔鎮', 76, 0, 0),
(82, 306, '關西鎮', 76, 0, 0),
(83, 307, '芎林鄉', 76, 0, 0),
(84, 310, '竹東鎮', 76, 0, 0),
(85, 311, '五峰鄉', 76, 0, 0),
(86, 312, '橫山鄉', 76, 0, 0),
(87, 313, '尖石鄉', 76, 0, 0),
(88, 314, '北埔鄉', 76, 0, 0),
(89, 315, '峨眉鄉', 76, 0, 0),
(90, 0, '桃園市', 0, 0, 0),
(91, 320, '中壢區', 90, 0, 0),
(92, 324, '平鎮區', 90, 0, 0),
(93, 325, '龍潭區', 90, 0, 0),
(94, 326, '楊梅區', 90, 0, 0),
(95, 327, '新屋區', 90, 0, 0),
(96, 328, '觀音區', 90, 0, 0),
(97, 330, '桃園區', 90, 0, 0),
(98, 333, '龜山區', 90, 0, 0),
(99, 334, '八德區', 90, 0, 0),
(100, 335, '大溪區', 90, 0, 0),
(101, 336, '復興區', 90, 0, 0),
(102, 337, '大園區', 90, 0, 0),
(103, 338, '蘆竹區', 90, 0, 0),
(104, 0, '苗栗縣', 0, 0, 0),
(105, 350, '竹南鎮', 104, 0, 0),
(106, 351, '頭份市', 104, 0, 0),
(107, 352, '三灣鄉', 104, 0, 0),
(108, 353, '南庄鄉', 104, 0, 0),
(109, 354, '獅潭鄉', 104, 0, 0),
(110, 356, '後龍鎮', 104, 0, 0),
(111, 357, '通霄鎮', 104, 0, 0),
(112, 358, '苑裡鎮', 104, 0, 0),
(113, 360, '苗栗市', 104, 0, 0),
(114, 361, '造橋鄉', 104, 0, 0),
(115, 362, '頭屋鄉', 104, 0, 0),
(116, 363, '公館鄉', 104, 0, 0),
(117, 364, '大湖鄉', 104, 0, 0),
(118, 365, '泰安鄉', 104, 0, 0),
(119, 366, '銅鑼鄉', 104, 0, 0),
(120, 367, '三義鄉', 104, 0, 0),
(121, 368, '西湖鄉', 104, 0, 0),
(122, 369, '卓蘭鎮', 104, 0, 0),
(123, 0, '臺中市', 0, 0, 0),
(124, 400, '中區', 123, 0, 0),
(125, 401, '東區', 123, 0, 0),
(126, 402, '南區', 123, 0, 0),
(127, 403, '西區', 123, 0, 0),
(128, 404, '北區', 123, 0, 0),
(129, 406, '北屯區', 123, 0, 0),
(130, 407, '西屯區', 123, 0, 0),
(131, 408, '南屯區', 123, 0, 0),
(132, 411, '太平區', 123, 0, 0),
(133, 412, '大里區', 123, 0, 0),
(134, 413, '霧峰區', 123, 0, 0),
(135, 414, '烏日區', 123, 0, 0),
(136, 420, '豐原區', 123, 0, 0),
(137, 421, '后里區', 123, 0, 0),
(138, 422, '石岡區', 123, 0, 0),
(139, 423, '東勢區', 123, 0, 0),
(140, 424, '和平區', 123, 0, 0),
(141, 426, '新社區', 123, 0, 0),
(142, 427, '潭子區', 123, 0, 0),
(143, 428, '大雅區', 123, 0, 0),
(144, 429, '神岡區', 123, 0, 0),
(145, 432, '大肚區', 123, 0, 0),
(146, 433, '沙鹿區', 123, 0, 0),
(147, 434, '龍井區', 123, 0, 0),
(148, 435, '梧棲區', 123, 0, 0),
(149, 436, '清水區', 123, 0, 0),
(150, 437, '大甲區', 123, 0, 0),
(151, 438, '外埔區', 123, 0, 0),
(152, 439, '大安區', 123, 0, 0),
(153, 0, '彰化縣', 0, 0, 0),
(154, 500, '彰化市', 153, 0, 0),
(155, 502, '芬園鄉', 153, 0, 0),
(156, 503, '花壇鄉', 153, 0, 0),
(157, 504, '秀水鄉', 153, 0, 0),
(158, 505, '鹿港鎮', 153, 0, 0),
(159, 506, '福興鄉', 153, 0, 0),
(160, 507, '線西鄉', 153, 0, 0),
(161, 508, '和美鎮', 153, 0, 0),
(162, 509, '伸港鄉', 153, 0, 0),
(163, 510, '員林市', 153, 0, 0),
(164, 511, '社頭鄉', 153, 0, 0),
(165, 512, '永靖鄉', 153, 0, 0),
(166, 513, '埔心鄉', 153, 0, 0),
(167, 514, '溪湖鎮', 153, 0, 0),
(168, 515, '大村鄉', 153, 0, 0),
(169, 516, '埔鹽鄉', 153, 0, 0),
(170, 520, '田中鎮', 153, 0, 0),
(171, 521, '北斗鎮', 153, 0, 0),
(172, 522, '田尾鄉', 153, 0, 0),
(173, 523, '埤頭鄉', 153, 0, 0),
(174, 524, '溪州鄉', 153, 0, 0),
(175, 525, '竹塘鄉', 153, 0, 0),
(176, 526, '二林鎮', 153, 0, 0),
(177, 527, '大城鄉', 153, 0, 0),
(178, 528, '芳苑鄉', 153, 0, 0),
(179, 530, '二水鄉', 153, 0, 0),
(180, 0, '南投縣', 0, 0, 0),
(181, 540, '南投市', 180, 0, 0),
(182, 541, '中寮鄉', 180, 0, 0),
(183, 542, '草屯鎮', 180, 0, 0),
(184, 544, '國姓鄉', 180, 0, 0),
(185, 545, '埔里鎮', 180, 0, 0),
(186, 546, '仁愛鄉', 180, 0, 0),
(187, 551, '名間鄉', 180, 0, 0),
(188, 552, '集集鎮', 180, 0, 0),
(189, 553, '水里鄉', 180, 0, 0),
(190, 555, '魚池鄉', 180, 0, 0),
(191, 556, '信義鄉', 180, 0, 0),
(192, 557, '竹山鎮', 180, 0, 0),
(193, 558, '鹿谷鄉', 180, 0, 0),
(194, 0, '嘉義市', 0, 0, 0),
(195, 600, '西區', 194, 0, 0),
(196, 600, '東區', 194, 0, 0),
(197, 0, '嘉義縣', 0, 0, 0),
(198, 602, '番路鄉', 197, 0, 0),
(199, 603, '梅山鄉', 197, 0, 0),
(200, 604, '竹崎鄉', 197, 0, 0),
(201, 605, '阿里山鄉', 197, 0, 0),
(202, 606, '中埔鄉', 197, 0, 0),
(203, 607, '大埔鄉', 197, 0, 0),
(204, 608, '水上鄉', 197, 0, 0),
(205, 611, '鹿草鄉', 197, 0, 0),
(206, 612, '太保市', 197, 0, 0),
(207, 613, '朴子市', 197, 0, 0),
(208, 614, '東石鄉', 197, 0, 0),
(209, 615, '六腳鄉', 197, 0, 0),
(210, 616, '新港鄉', 197, 0, 0),
(211, 621, '民雄鄉', 197, 0, 0),
(212, 622, '大林鎮', 197, 0, 0),
(213, 623, '溪口鄉', 197, 0, 0),
(214, 624, '義竹鄉', 197, 0, 0),
(215, 625, '布袋鎮', 197, 0, 0),
(216, 0, '雲林縣', 0, 0, 0),
(217, 630, '斗南鎮', 216, 0, 0),
(218, 631, '大埤鄉', 216, 0, 0),
(219, 632, '虎尾鎮', 216, 0, 0),
(220, 633, '土庫鎮', 216, 0, 0),
(221, 634, '褒忠鄉', 216, 0, 0),
(222, 635, '東勢鄉', 216, 0, 0),
(223, 636, '臺西鄉', 216, 0, 0),
(224, 637, '崙背鄉', 216, 0, 0),
(225, 638, '麥寮鄉', 216, 0, 0),
(226, 640, '斗六市', 216, 0, 0),
(227, 643, '林內鄉', 216, 0, 0),
(228, 646, '古坑鄉', 216, 0, 0),
(229, 647, '莿桐鄉', 216, 0, 0),
(230, 648, '西螺鎮', 216, 0, 0),
(231, 649, '二崙鄉', 216, 0, 0),
(232, 651, '北港鎮', 216, 0, 0),
(233, 652, '水林鄉', 216, 0, 0),
(234, 653, '口湖鄉', 216, 0, 0),
(235, 654, '四湖鄉', 216, 0, 0),
(236, 655, '元長鄉', 216, 0, 0),
(237, 0, '臺南市', 0, 0, 0),
(238, 700, '中西區', 237, 0, 0),
(239, 701, '東區', 237, 0, 0),
(240, 702, '南區', 237, 0, 0),
(241, 704, '北區', 237, 0, 0),
(242, 708, '安平區', 237, 0, 0),
(243, 709, '安南區', 237, 0, 0),
(244, 710, '永康區', 237, 0, 0),
(245, 711, '歸仁區', 237, 0, 0),
(246, 712, '新化區', 237, 0, 0),
(247, 713, '左鎮區', 237, 0, 0),
(248, 714, '玉井區', 237, 0, 0),
(249, 715, '楠西區', 237, 0, 0),
(250, 716, '南化區', 237, 0, 0),
(251, 717, '仁德區', 237, 0, 0),
(252, 718, '關廟區', 237, 0, 0),
(253, 719, '龍崎區', 237, 0, 0),
(254, 720, '官田區', 237, 0, 0),
(255, 721, '麻豆區', 237, 0, 0),
(256, 722, '佳里區', 237, 0, 0),
(257, 723, '西港區', 237, 0, 0),
(258, 724, '七股區', 237, 0, 0),
(259, 725, '將軍區', 237, 0, 0),
(260, 726, '學甲區', 237, 0, 0),
(261, 727, '北門區', 237, 0, 0),
(262, 730, '新營區', 237, 0, 0),
(263, 731, '後壁區', 237, 0, 0),
(264, 732, '白河區', 237, 0, 0),
(265, 733, '東山區', 237, 0, 0),
(266, 734, '六甲區', 237, 0, 0),
(267, 735, '下營區', 237, 0, 0),
(268, 736, '柳營區', 237, 0, 0),
(269, 737, '鹽水區', 237, 0, 0),
(270, 741, '善化區', 237, 0, 0),
(271, 741, '新市區', 237, 0, 0),
(272, 742, '大內區', 237, 0, 0),
(273, 743, '山上區', 237, 0, 0),
(274, 745, '安定區', 237, 0, 0),
(275, 0, '高雄市', 0, 0, 0),
(276, 800, '新興區', 275, 0, 0),
(277, 801, '前金區', 275, 0, 0),
(278, 802, '苓雅區', 275, 0, 0),
(279, 803, '鹽埕區', 275, 0, 0),
(280, 804, '鼓山區', 275, 0, 0),
(281, 805, '旗津區', 275, 0, 0),
(282, 806, '前鎮區', 275, 0, 0),
(283, 807, '三民區', 275, 0, 0),
(284, 811, '楠梓區', 275, 0, 0),
(285, 812, '小港區', 275, 0, 0),
(286, 813, '左營區', 275, 0, 0),
(287, 814, '仁武區', 275, 0, 0),
(288, 815, '大社區', 275, 0, 0),
(289, 817, '東沙群島', 275, 0, 0),
(290, 0, '南海島', 0, 0, 1),
(291, 817, '東沙群島', 290, 0, 0),
(292, 819, '南沙群島', 275, 0, 0),
(293, 819, '南沙群島', 290, 0, 0),
(294, 820, '岡山區', 275, 0, 0),
(295, 821, '路竹區', 275, 0, 0),
(296, 822, '阿蓮區', 275, 0, 0),
(297, 823, '田寮區', 275, 0, 0),
(298, 824, '燕巢區', 275, 0, 0),
(299, 825, '橋頭區', 275, 0, 0),
(300, 826, '梓官區', 275, 0, 0),
(301, 827, '彌陀區', 275, 0, 0),
(302, 828, '永安區', 275, 0, 0),
(303, 829, '湖內區', 275, 0, 0),
(304, 830, '鳳山區', 275, 0, 0),
(305, 831, '大寮區', 275, 0, 0),
(306, 832, '林園區', 275, 0, 0),
(307, 833, '鳥松區', 275, 0, 0),
(308, 840, '大樹區', 275, 0, 0),
(309, 842, '旗山區', 275, 0, 0),
(310, 843, '美濃區', 275, 0, 0),
(311, 844, '六龜區', 275, 0, 0),
(312, 845, '內門區', 275, 0, 0),
(313, 846, '杉林區', 275, 0, 0),
(314, 847, '甲仙區', 275, 0, 0),
(315, 848, '桃源區', 275, 0, 0),
(316, 849, '那瑪夏區', 275, 0, 0),
(317, 851, '茂林區', 275, 0, 0),
(318, 852, '茄萣區', 275, 0, 0),
(319, 0, '澎湖縣', 0, 0, 0),
(320, 880, '馬公市', 319, 0, 0),
(321, 881, '西嶼鄉', 319, 0, 0),
(322, 882, '望安鄉', 319, 0, 0),
(323, 883, '七美鄉', 319, 0, 0),
(324, 884, '白沙鄉', 319, 0, 0),
(325, 885, '湖西鄉', 319, 0, 0),
(326, 0, '金門縣', 0, 0, 0),
(327, 890, '金沙鎮', 326, 0, 0),
(328, 891, '金湖鎮', 326, 0, 0),
(329, 892, '金寧鄉', 326, 0, 0),
(330, 893, '金城鎮', 326, 0, 0),
(331, 894, '烈嶼鄉', 326, 0, 0),
(332, 896, '烏坵鄉', 326, 0, 0),
(333, 0, '屏東縣', 0, 0, 0),
(334, 900, '屏東市', 333, 0, 0),
(335, 901, '三地門鄉', 333, 0, 0),
(336, 902, '霧臺鄉', 333, 0, 0),
(337, 903, '瑪家鄉', 333, 0, 0),
(338, 904, '九如鄉', 333, 0, 0),
(339, 905, '里港鄉', 333, 0, 0),
(340, 906, '高樹鄉', 333, 0, 0),
(341, 907, '鹽埔鄉', 333, 0, 0),
(342, 908, '長治鄉', 333, 0, 0),
(343, 909, '麟洛鄉', 333, 0, 0),
(344, 911, '竹田鄉', 333, 0, 0),
(345, 912, '內埔鄉', 333, 0, 0),
(346, 913, '萬丹鄉', 333, 0, 0),
(347, 920, '潮州鎮', 333, 0, 0),
(348, 921, '泰武鄉', 333, 0, 0),
(349, 922, '來義鄉', 333, 0, 0),
(350, 923, '萬巒鄉', 333, 0, 0),
(351, 924, '崁頂鄉', 333, 0, 0),
(352, 925, '新埤鄉', 333, 0, 0),
(353, 926, '南州鄉', 333, 0, 0),
(354, 927, '林邊鄉', 333, 0, 0),
(355, 928, '東港鎮', 333, 0, 0),
(356, 929, '琉球鄉', 333, 0, 0),
(357, 931, '佳冬鄉', 333, 0, 0),
(358, 932, '新園鄉', 333, 0, 0),
(359, 940, '枋寮鄉', 333, 0, 0),
(360, 941, '枋山鄉', 333, 0, 0),
(361, 942, '春日鄉', 333, 0, 0),
(362, 943, '獅子鄉', 333, 0, 0),
(363, 944, '車城鄉', 333, 0, 0),
(364, 945, '牡丹鄉', 333, 0, 0),
(365, 946, '恆春鎮', 333, 0, 0),
(366, 947, '滿州鄉', 333, 0, 0),
(367, 0, '臺東縣', 0, 0, 0),
(368, 950, '臺東市', 367, 0, 0),
(369, 951, '綠島鄉', 367, 0, 0),
(370, 952, '蘭嶼鄉', 367, 0, 0),
(371, 953, '延平鄉', 367, 0, 0),
(372, 954, '卑南鄉', 367, 0, 0),
(373, 955, '鹿野鄉', 367, 0, 0),
(374, 956, '關山鎮', 367, 0, 0),
(375, 957, '海端鄉', 367, 0, 0),
(376, 958, '池上鄉', 367, 0, 0),
(377, 959, '東河鄉', 367, 0, 0),
(378, 961, '成功鎮', 367, 0, 0),
(379, 962, '長濱鄉', 367, 0, 0),
(380, 963, '太麻里鄉', 367, 0, 0),
(381, 964, '金峰鄉', 367, 0, 0),
(382, 965, '大武鄉', 367, 0, 0),
(383, 966, '達仁鄉', 367, 0, 0),
(384, 0, '花蓮縣', 0, 0, 0),
(385, 970, '花蓮市', 384, 0, 0),
(386, 971, '新城鄉', 384, 0, 0),
(387, 972, '秀林鄉', 384, 0, 0),
(388, 973, '吉安鄉', 384, 0, 0),
(389, 974, '壽豐鄉', 384, 0, 0),
(390, 975, '鳳林鎮', 384, 0, 0),
(391, 976, '光復鄉', 384, 0, 0),
(392, 977, '豐濱鄉', 384, 0, 0),
(393, 978, '瑞穗鄉', 384, 0, 0),
(394, 979, '萬榮鄉', 384, 0, 0),
(395, 981, '玉里鎮', 384, 0, 0),
(396, 982, '卓溪鄉', 384, 0, 0),
(397, 983, '富里鄉', 384, 0, 0);

-- --------------------------------------------------------

--
-- 資料表結構 `ex_around`
--

CREATE TABLE `ex_around` (
  `id` int(11) UNSIGNED NOT NULL,
  `name` varchar(50) NOT NULL,
  `sort` int(11) UNSIGNED NOT NULL DEFAULT '0'
) ENGINE=MyISAM DEFAULT CHARSET=utf8 COMMENT='生活機能';

--
-- 資料表的匯出資料 `ex_around`
--

INSERT INTO `ex_around` (`id`, `name`, `sort`) VALUES
(1, '近便利商店', 0),
(2, '傳統市場', 0),
(3, '百貨公司', 0),
(4, '公園綠地', 0),
(5, '學區', 0),
(6, '醫療機構', 0),
(7, '夜市', 0),
(8, '重劃區', 0),
(9, '景觀宅', 0),
(10, '制震宅', 0),
(11, '低首付', 0);

-- --------------------------------------------------------

--
-- 資料表結構 `ex_main`
--

CREATE TABLE `ex_main` (
  `id` bigint(20) UNSIGNED NOT NULL COMMENT '序號',
  `unid` char(32) NOT NULL,
  `source` int(11) UNSIGNED NOT NULL COMMENT '來源',
  `number` varchar(100) NOT NULL COMMENT '編號',
  `city` int(11) UNSIGNED NOT NULL COMMENT '縣市',
  `area` int(11) UNSIGNED NOT NULL COMMENT '區',
  `title` varchar(100) NOT NULL COMMENT '標題',
  `road` varchar(100) DEFAULT NULL COMMENT '路段',
  `style` varchar(50) DEFAULT NULL COMMENT '格局',
  `ping` float UNSIGNED NOT NULL COMMENT '坪數',
  `parking` tinyint(2) UNSIGNED NOT NULL DEFAULT '0' COMMENT '車位',
  `age` int(11) UNSIGNED NOT NULL DEFAULT '0' COMMENT '屋齡',
  `floor` int(11) UNSIGNED NOT NULL DEFAULT '0' COMMENT '樓層',
  `type` tinyint(4) UNSIGNED NOT NULL DEFAULT '0' COMMENT '型態',
  `direction` char(8) DEFAULT NULL COMMENT '朝向',
  `fee` int(11) UNSIGNED NOT NULL DEFAULT '0' COMMENT '管理費',
  `builder` varchar(50) DEFAULT NULL COMMENT '建商名稱',
  `unit` float UNSIGNED NOT NULL DEFAULT '0' COMMENT '單價',
  `price` int(11) UNSIGNED NOT NULL COMMENT '總價',
  `description` text COMMENT '坪數說明',
  `around` varchar(255) DEFAULT NULL COMMENT '生活機能',
  `status` tinyint(2) UNSIGNED NOT NULL COMMENT '狀態',
  `community` varchar(20) NOT NULL COMMENT '社區',
  `view_num` int(11) UNSIGNED NOT NULL DEFAULT '0' COMMENT '瀏覽數',
  `add_time` datetime NOT NULL COMMENT '加入時間',
  `update_time` timestamp NOT NULL DEFAULT CURRENT_TIMESTAMP COMMENT '更新時間'
) ENGINE=MyISAM DEFAULT CHARSET=utf8 COMMENT='主表';

--
-- 資料表的匯出資料 `ex_main`
--

INSERT INTO `ex_main` (`id`, `unid`, `source`, `number`, `city`, `area`, `title`, `road`, `style`, `ping`, `parking`, `age`, `floor`, `type`, `direction`, `fee`, `builder`, `unit`, `price`, `description`, `around`, `status`, `community`, `view_num`, `add_time`, `update_time`) VALUES
(1, '48ea76c1e76413ea4367b611437c42bb', 1, 'S5761292', 275, 278, '【大統和平商圈】漂亮二房/全新整理', '高雄市苓雅區七賢一路', '2;2;1;1', 11.67, 0, 39, 10, 2, '1', 700, NULL, 28.97, 338, '主建物：11.667\r\n坪土地坪數：2.159坪', '1;2;3;4;5;6;7', 4, '萬壽大廈', 1, '2018-12-30 00:00:00', '2018-12-30 12:28:58'),
(2, 'f162a2dc40dc46e5e7862b4875ba2dc7', 1, 'S5809834', 275, 304, '鳳山景觀邊間華廈+機械車位', '高雄市鳳山區建國路一段53巷', '3;2;2;2', 34.42, 0, 25, 3, 2, NULL, 0, NULL, 7.52, 259, '主建物：21.32坪\r\n共用部分：7.94坪\r\n附屬建物：3.41坪', '1;2;3;4;5;6;7', 4, '1', 1, '2018-12-30 00:00:00', '2018-12-30 13:06:36'),
(3, '97f8984731ff6eea6bb0bd689f2f9a74', 1, 'S5710307', 275, 278, '和平商圈翻新精美3房', '高雄市苓雅區七賢一路', '3;2;2;1', 26.9, 0, 39, 10, 2, '1', 750, NULL, 26.9, 458, '主建物：17.024坪\r\n土地坪數：4.827坪', '1;2;3;4;5', 4, '萬壽大樓', 1, '2018-12-30 00:00:00', '2018-12-30 13:13:38'),
(4, '736b5bad46f7ceb74d87fd141f8a197a', 1, 'S5689247', 275, 280, '公園小3房~低總價~', '高雄市鼓山區九如四路1991巷', '3;2;1;2', 23.36, 0, 36, 3, 2, NULL, 500, NULL, 12.76, 298, '主建物：20.46坪\r\n附屬建物：2.91坪\r\n土地坪數：12.44坪', '1;2;4;5', 4, '前峰國宅', 1, '2018-12-30 00:00:00', '2018-12-30 13:18:39'),
(5, '449878e900cd7c84fef8f44300930f86', 1, 'S5672704', 275, 283, '科工館-鐵路地下化民族站', '高雄市三民區九如一路', '3;2;1;1', 20.8, 0, 40, 7, 3, NULL, 490, NULL, 15.14, 315, '主建物：20.8坪\r\n土地坪數：5.6坪', '1;4', 4, '民族社區', 1, '2018-12-30 00:00:00', '2018-12-30 13:25:02'),
(6, '021f5355ff54369183063a83b89a38d1', 1, 'S5760512', 275, 283, '高應大便宜3房大樓', '高雄市三民區建工路', '3;1;1', 26.73, 0, 26, 8, 3, NULL, 1210, NULL, 12.64, 338, '主建物：21.5坪\r\n共用部分：5.23坪\r\n土地坪數：2.31坪', '1;2;3;4;5;6;7', 4, '建工大樓', 1, '2018-12-30 00:00:00', '2018-12-30 13:29:35'),
(7, '079a5c4ce5b2460e99d7c2e12e509bf0', 1, 'S5797144', 275, 286, '果貿典雅三房', '高雄市左營區果峰街', '3;2;2;4', 33.42, 0, 32, 12, 3, '3', 200, NULL, 10.12, 338, '主建物：24.33坪\r\n共用部分：4.838坪\r\n附屬建物：4.247坪\r\n土地坪數：7.778坪', '1;2;4;5;6;7', 4, '果貿社區', 1, '2018-12-30 00:00:00', '2018-12-30 13:40:48'),
(8, '1ed37d396e088223b9d8377f9e0b58a2', 1, 'S5753776', 275, 304, '五甲人明亮三房', '高雄市鳳山區五甲二路', '3;1;1;2', 25.61, 0, 23, 11, 3, NULL, 1020, NULL, 13.98, 358, '主建物：17.21坪\r\n共用部分：5.3坪\r\n附屬建物：3.1坪\r\n土地坪數：3.78坪', '1;2;4;5;6;7', 4, '五甲人', 1, '2018-12-30 00:00:00', '2018-12-30 13:45:17'),
(9, 'c9bf34bbe0c75fda996011db11c14ae9', 1, 'S5637599', 275, 286, '高鐵便宜美大樓', '高雄市左營區文天路', '3;2;1;1', 23.86, 0, 24, 10, 3, '4', 1400, NULL, 15.3, 365, '主建物：14.56坪\r\n共用部分：4.02坪\r\n附屬建物：5.28坪\r\n土地坪數：2.19坪', '1;2;3;4;5;6;7', 4, '高鐵大樓', 1, '2018-12-30 00:00:00', '2018-12-30 13:49:18'),
(10, '2b563e3e55f66072475d98c994088491', 1, 'S5682888', 275, 304, '五甲近瑞興市場美3房', '高雄市鳳山區善政街', '3;2;2;2', 27.53, 0, 22, 12, 3, NULL, 1090, NULL, 13.33, 367, NULL, '2;4', 4, '', 1, '2018-12-30 21:54:11', '2018-12-30 13:54:11'),
(11, 'a150c7c8ca4d78b1230d7bc5d2e2e0e0', 1, 'S5736825', 275, 280, '美術館輕軌前峰國宅大樓', '高雄市鼓山區九如四路', '3;2;1', 24.98, 0, 36, 11, 3, '4', 283, NULL, 14.73, 368, '主建物：22.64坪\r\n附屬建物：2.34坪\r\n土地坪數：5.34坪', '1;2;4;5', 4, '', 1, '2018-12-30 21:58:13', '2018-12-30 13:58:13'),
(12, '8764ba2546f560ed4360a555427d3798', 1, 'S5659070', 275, 283, '熱河稀有小資零公設三房', '高雄市三民區熱河二街206巷', '3;1;1;1', 20.95, 0, 35, 4, 3, '4', 1000, NULL, 19.96, 418, '主建物：20.24坪\r\n附屬建物：0.705坪\r\n土地坪數：3.179坪', '1;2;4;5;6;7', 4, '熱河商圈', 1, '2018-12-30 22:24:13', '2018-12-30 14:24:13'),
(13, '7dc92a4904cbb10be716e09a6b2db5e6', 1, 'S5717796', 275, 278, '七賢路上景觀超美3房', '高雄市苓雅區七賢一路', '3;2;2', 17.03, 0, 39, 10, 3, '4', 750, NULL, 25.14, 428, '主建物：17.025坪\r\n土地坪數：4.828坪', NULL, 4, '萬壽大樓', 1, '2018-12-30 22:27:48', '2018-12-30 14:27:48'),
(14, 'f82f0e5c905f8cebba0480762421896e', 1, 'S5653985', 275, 283, '【鼎山家樂福首選】超值美三房', '高雄市三民區鼎華路', '3;2;2;1', 25.71, 0, 23, 9, 3, '4', 1040, NULL, 17.04, 438, '主建物：20.52坪\r\n共用部分：1.59坪\r\n附屬建物：3.6坪\r\n土地坪數：2.55坪', '1;2;4;5', 4, '雙星報喜', 1, '2018-12-30 22:32:40', '2018-12-30 14:32:40'),
(15, '9aceb5979e1d1795d1fbc49d99fd9572', 1, 'S5715021', 275, 283, '再降價~!後驛收租3套房~屋況佳!!急售', '高雄市三民區興安街', '3;3', 30.26, 0, 24, 6, 2, '4', 350, NULL, 16.52, 500, '主建物：26.62坪\r\n共用部分：2.91坪\r\n附屬建物：0.7坪\r\n土地坪數：4.87坪', '1;2;3;4;5;6;7', 4, '書香雅築', 1, '2018-12-30 22:41:36', '2018-12-30 14:41:36'),
(16, '08d24ae977e09d0f553309c4722cc082', 1, 'S5539491', 275, 283, '高雄科技大學3房+車位', '高雄市三民區皓東路76巷28號', '3;2;2;2', 31.38, 1, 19, 8, 3, '4', 1940, NULL, 16.48, 517, '主建物：19.12坪\r\n共用部分：10.07坪\r\n附屬建物：2.18坪\r\n土地坪數：3.32坪', '1;2;3;4;5;6;7', 4, '鶴岡大樓', 1, '2018-12-30 22:44:47', '2018-12-30 14:44:47'),
(17, 'ef317bbd2a1ec85c51dc7b378810b803', 1, 'S5681653', 275, 283, '陽明國小漂亮美三房+可停休旅車的車位', '高雄市三民區大豐二路', '3;2;2;2', 34.63, 1, 22, 8, 3, '2', 1775, NULL, 15.19, 526, '主建物：21.68坪\r\n共用部分：10.72坪\r\n附屬建物：2.23坪', '1;2;4;5;6;7', 4, '東門町', 1, '2018-12-30 22:49:24', '2018-12-30 14:49:24'),
(18, '15af01cdf8344588d7ce19983b2a8508', 1, 'S5716508', 275, 286, '高鐵景觀三房+車位', '高雄市左營區文學路399巷', '3;2;2;2', 31.81, 1, 23, 10, 3, '8', 1900, NULL, 16.6, 528, '土地坪數：4.77坪', '1;2;3;4;5;6;7', 4, '維多利亞', 1, '2018-12-30 22:56:37', '2018-12-30 14:56:37'),
(19, '1eb7949e7a583541d11b3ffede863633', 1, 'S5800901', 275, 304, '正鳳山市區捷運2+1房*六年屋*衛浴開窗', '高雄市鳳山區立德街', '3;2;1;1', 29.96, 0, 6, 3, 3, NULL, 1798, NULL, 17.63, 528, '主建物：17.974坪\r\n共用部分：10.205坪\r\n附屬建物：1.776坪\r\n土地坪數：2.53坪', NULL, 4, '凡登18號', 1, '2018-12-30 23:01:31', '2018-12-30 15:01:31');

-- --------------------------------------------------------

--
-- 資料表結構 `ex_record`
--

CREATE TABLE `ex_record` (
  `id` bigint(20) UNSIGNED NOT NULL,
  `user_unid` char(33) NOT NULL COMMENT 'ex_user unid(m:會員;c:非會員)',
  `area` int(11) UNSIGNED NOT NULL COMMENT '區域',
  `price` int(11) UNSIGNED NOT NULL COMMENT '總價',
  `ping` int(11) UNSIGNED NOT NULL COMMENT '坪數',
  `style` int(11) UNSIGNED NOT NULL COMMENT '格局',
  `type` int(11) UNSIGNED NOT NULL COMMENT '型態',
  `times` int(11) UNSIGNED NOT NULL COMMENT '次數'
) ENGINE=MyISAM DEFAULT CHARSET=utf8 COMMENT='搜尋紀錄';

--
-- 資料表的匯出資料 `ex_record`
--

INSERT INTO `ex_record` (`id`, `user_unid`, `area`, `price`, `ping`, `style`, `type`, `times`) VALUES
(1, 'm185ccab81019a39cba16f666f070bb83', 275, 300, 20, 2, 3, 1),
(2, 'm185ccab81019a39cba16f666f070bb83', 275, 300, 20, 3, 3, 1),
(3, 'm185ccab81019a39cba16f666f070bb83', 275, 600, 20, 2, 3, 1),
(4, 'm185ccab81019a39cba16f666f070bb83', 275, 600, 20, 3, 3, 1),
(5, 'm185ccab81019a39cba16f666f070bb83', 275, 300, 30, 2, 3, 1),
(6, 'm185ccab81019a39cba16f666f070bb83', 275, 300, 30, 3, 3, 1),
(7, 'm185ccab81019a39cba16f666f070bb83', 275, 600, 30, 2, 3, 1),
(8, 'm185ccab81019a39cba16f666f070bb83', 275, 600, 30, 3, 3, 1),
(9, 'm185ccab81019a39cba16f666f070bb83', 275, 300, 40, 2, 3, 1),
(10, 'm185ccab81019a39cba16f666f070bb83', 275, 300, 40, 3, 3, 1),
(11, 'm185ccab81019a39cba16f666f070bb83', 275, 600, 40, 2, 3, 1),
(12, 'm185ccab81019a39cba16f666f070bb83', 275, 600, 40, 3, 3, 1),
(13, 'm185ccab81019a39cba16f666f070bb83', 283, 300, 20, 2, 3, 1),
(14, 'm185ccab81019a39cba16f666f070bb83', 283, 300, 20, 3, 3, 1),
(15, 'm185ccab81019a39cba16f666f070bb83', 283, 600, 20, 2, 3, 1),
(16, 'm185ccab81019a39cba16f666f070bb83', 283, 600, 20, 3, 3, 1),
(17, 'm185ccab81019a39cba16f666f070bb83', 283, 300, 30, 2, 3, 1),
(18, 'm185ccab81019a39cba16f666f070bb83', 283, 300, 30, 3, 3, 1),
(19, 'm185ccab81019a39cba16f666f070bb83', 283, 600, 30, 2, 3, 1),
(20, 'm185ccab81019a39cba16f666f070bb83', 283, 600, 30, 3, 3, 1),
(21, 'm185ccab81019a39cba16f666f070bb83', 283, 300, 40, 2, 3, 1),
(22, 'm185ccab81019a39cba16f666f070bb83', 283, 300, 40, 3, 3, 1),
(23, 'm185ccab81019a39cba16f666f070bb83', 283, 600, 40, 2, 3, 1),
(24, 'm185ccab81019a39cba16f666f070bb83', 283, 600, 40, 3, 3, 1),
(25, 'm185ccab81019a39cba16f666f070bb83', 304, 300, 20, 2, 3, 1),
(26, 'm185ccab81019a39cba16f666f070bb83', 304, 300, 20, 3, 3, 1),
(27, 'm185ccab81019a39cba16f666f070bb83', 304, 600, 20, 2, 3, 1),
(28, 'm185ccab81019a39cba16f666f070bb83', 304, 600, 20, 3, 3, 1),
(29, 'm185ccab81019a39cba16f666f070bb83', 304, 300, 30, 2, 3, 1),
(30, 'm185ccab81019a39cba16f666f070bb83', 304, 300, 30, 3, 3, 1),
(31, 'm185ccab81019a39cba16f666f070bb83', 304, 600, 30, 2, 3, 1),
(32, 'm185ccab81019a39cba16f666f070bb83', 304, 600, 30, 3, 3, 1),
(33, 'm185ccab81019a39cba16f666f070bb83', 304, 300, 40, 2, 3, 1),
(34, 'm185ccab81019a39cba16f666f070bb83', 304, 300, 40, 3, 3, 1),
(35, 'm185ccab81019a39cba16f666f070bb83', 304, 600, 40, 2, 3, 1),
(36, 'm185ccab81019a39cba16f666f070bb83', 304, 600, 40, 3, 3, 1),
(37, 'm185ccab81019a39cba16f666f070bb83', 286, 300, 20, 2, 3, 1),
(38, 'm185ccab81019a39cba16f666f070bb83', 286, 300, 20, 3, 3, 1),
(39, 'm185ccab81019a39cba16f666f070bb83', 286, 600, 20, 2, 3, 1),
(40, 'm185ccab81019a39cba16f666f070bb83', 286, 600, 20, 3, 3, 1),
(41, 'm185ccab81019a39cba16f666f070bb83', 286, 300, 30, 2, 3, 1),
(42, 'm185ccab81019a39cba16f666f070bb83', 286, 300, 30, 3, 3, 1),
(43, 'm185ccab81019a39cba16f666f070bb83', 286, 600, 30, 2, 3, 1),
(44, 'm185ccab81019a39cba16f666f070bb83', 286, 600, 30, 3, 3, 1),
(45, 'm185ccab81019a39cba16f666f070bb83', 286, 300, 40, 2, 3, 1),
(46, 'm185ccab81019a39cba16f666f070bb83', 286, 300, 40, 3, 3, 1),
(47, 'm185ccab81019a39cba16f666f070bb83', 286, 600, 40, 2, 3, 1),
(48, 'm185ccab81019a39cba16f666f070bb83', 286, 600, 40, 3, 3, 1),
(49, 'm185ccab81019a39cba16f666f070bb83', 284, 300, 20, 2, 3, 1),
(50, 'm185ccab81019a39cba16f666f070bb83', 284, 300, 20, 3, 3, 1),
(51, 'm185ccab81019a39cba16f666f070bb83', 284, 600, 20, 2, 3, 1),
(52, 'm185ccab81019a39cba16f666f070bb83', 284, 600, 20, 3, 3, 1),
(53, 'm185ccab81019a39cba16f666f070bb83', 284, 300, 30, 2, 3, 1),
(54, 'm185ccab81019a39cba16f666f070bb83', 284, 300, 30, 3, 3, 1),
(55, 'm185ccab81019a39cba16f666f070bb83', 284, 600, 30, 2, 3, 1),
(56, 'm185ccab81019a39cba16f666f070bb83', 284, 600, 30, 3, 3, 1),
(57, 'm185ccab81019a39cba16f666f070bb83', 284, 300, 40, 2, 3, 1),
(58, 'm185ccab81019a39cba16f666f070bb83', 284, 300, 40, 3, 3, 1),
(59, 'm185ccab81019a39cba16f666f070bb83', 284, 600, 40, 2, 3, 1),
(60, 'm185ccab81019a39cba16f666f070bb83', 284, 600, 40, 3, 3, 1),
(61, 'm185ccab81019a39cba16f666f070bb83', 280, 300, 20, 2, 3, 1),
(62, 'm185ccab81019a39cba16f666f070bb83', 280, 300, 20, 3, 3, 1),
(63, 'm185ccab81019a39cba16f666f070bb83', 280, 600, 20, 2, 3, 1),
(64, 'm185ccab81019a39cba16f666f070bb83', 280, 600, 20, 3, 3, 1),
(65, 'm185ccab81019a39cba16f666f070bb83', 280, 300, 30, 2, 3, 1),
(66, 'm185ccab81019a39cba16f666f070bb83', 280, 300, 30, 3, 3, 1),
(67, 'm185ccab81019a39cba16f666f070bb83', 280, 600, 30, 2, 3, 1),
(68, 'm185ccab81019a39cba16f666f070bb83', 280, 600, 30, 3, 3, 1),
(69, 'm185ccab81019a39cba16f666f070bb83', 280, 300, 40, 2, 3, 1),
(70, 'm185ccab81019a39cba16f666f070bb83', 280, 300, 40, 3, 3, 1),
(71, 'm185ccab81019a39cba16f666f070bb83', 280, 600, 40, 2, 3, 1),
(72, 'm185ccab81019a39cba16f666f070bb83', 280, 600, 40, 3, 3, 1),
(73, 'm185ccab81019a39cba16f666f070bb83', 278, 300, 20, 2, 3, 1),
(74, 'm185ccab81019a39cba16f666f070bb83', 278, 300, 20, 3, 3, 1),
(75, 'm185ccab81019a39cba16f666f070bb83', 278, 600, 20, 2, 3, 1),
(76, 'm185ccab81019a39cba16f666f070bb83', 278, 600, 20, 3, 3, 1),
(77, 'm185ccab81019a39cba16f666f070bb83', 278, 300, 30, 2, 3, 1),
(78, 'm185ccab81019a39cba16f666f070bb83', 278, 300, 30, 3, 3, 1),
(79, 'm185ccab81019a39cba16f666f070bb83', 278, 600, 30, 2, 3, 1),
(80, 'm185ccab81019a39cba16f666f070bb83', 278, 600, 30, 3, 3, 1),
(81, 'm185ccab81019a39cba16f666f070bb83', 278, 300, 40, 2, 3, 1),
(82, 'm185ccab81019a39cba16f666f070bb83', 278, 300, 40, 3, 3, 1),
(83, 'm185ccab81019a39cba16f666f070bb83', 278, 600, 40, 2, 3, 1),
(84, 'm185ccab81019a39cba16f666f070bb83', 278, 600, 40, 3, 3, 1),
(85, 'm185ccab81019a39cba16f666f070bb83', 282, 300, 20, 2, 3, 1),
(86, 'm185ccab81019a39cba16f666f070bb83', 282, 300, 20, 3, 3, 1),
(87, 'm185ccab81019a39cba16f666f070bb83', 282, 600, 20, 2, 3, 1),
(88, 'm185ccab81019a39cba16f666f070bb83', 282, 600, 20, 3, 3, 1),
(89, 'm185ccab81019a39cba16f666f070bb83', 282, 300, 30, 2, 3, 1),
(90, 'm185ccab81019a39cba16f666f070bb83', 282, 300, 30, 3, 3, 1),
(91, 'm185ccab81019a39cba16f666f070bb83', 282, 600, 30, 2, 3, 1),
(92, 'm185ccab81019a39cba16f666f070bb83', 282, 600, 30, 3, 3, 1),
(93, 'm185ccab81019a39cba16f666f070bb83', 282, 300, 40, 2, 3, 1),
(94, 'm185ccab81019a39cba16f666f070bb83', 282, 300, 40, 3, 3, 1),
(95, 'm185ccab81019a39cba16f666f070bb83', 282, 600, 40, 2, 3, 1),
(96, 'm185ccab81019a39cba16f666f070bb83', 282, 600, 40, 3, 3, 1),
(97, 'm185ccab81019a39cba16f666f070bb83', 285, 300, 20, 2, 3, 1),
(98, 'm185ccab81019a39cba16f666f070bb83', 285, 300, 20, 3, 3, 1),
(99, 'm185ccab81019a39cba16f666f070bb83', 285, 600, 20, 2, 3, 1),
(100, 'm185ccab81019a39cba16f666f070bb83', 285, 600, 20, 3, 3, 1),
(101, 'm185ccab81019a39cba16f666f070bb83', 285, 300, 30, 2, 3, 1),
(102, 'm185ccab81019a39cba16f666f070bb83', 285, 300, 30, 3, 3, 1),
(103, 'm185ccab81019a39cba16f666f070bb83', 285, 600, 30, 2, 3, 1),
(104, 'm185ccab81019a39cba16f666f070bb83', 285, 600, 30, 3, 3, 1),
(105, 'm185ccab81019a39cba16f666f070bb83', 285, 300, 40, 2, 3, 1),
(106, 'm185ccab81019a39cba16f666f070bb83', 285, 300, 40, 3, 3, 1),
(107, 'm185ccab81019a39cba16f666f070bb83', 285, 600, 40, 2, 3, 1),
(108, 'm185ccab81019a39cba16f666f070bb83', 285, 600, 40, 3, 3, 1),
(109, 'm185ccab81019a39cba16f666f070bb83', 276, 300, 20, 2, 3, 1),
(110, 'm185ccab81019a39cba16f666f070bb83', 276, 300, 20, 3, 3, 1),
(111, 'm185ccab81019a39cba16f666f070bb83', 276, 600, 20, 2, 3, 1),
(112, 'm185ccab81019a39cba16f666f070bb83', 276, 600, 20, 3, 3, 1),
(113, 'm185ccab81019a39cba16f666f070bb83', 276, 300, 30, 2, 3, 1),
(114, 'm185ccab81019a39cba16f666f070bb83', 276, 300, 30, 3, 3, 1),
(115, 'm185ccab81019a39cba16f666f070bb83', 276, 600, 30, 2, 3, 1),
(116, 'm185ccab81019a39cba16f666f070bb83', 276, 600, 30, 3, 3, 1),
(117, 'm185ccab81019a39cba16f666f070bb83', 276, 300, 40, 2, 3, 1),
(118, 'm185ccab81019a39cba16f666f070bb83', 276, 300, 40, 3, 3, 1),
(119, 'm185ccab81019a39cba16f666f070bb83', 276, 600, 40, 2, 3, 1),
(120, 'm185ccab81019a39cba16f666f070bb83', 276, 600, 40, 3, 3, 1),
(121, 'm185ccab81019a39cba16f666f070bb83', 277, 300, 20, 2, 3, 1),
(122, 'm185ccab81019a39cba16f666f070bb83', 277, 300, 20, 3, 3, 1),
(123, 'm185ccab81019a39cba16f666f070bb83', 277, 600, 20, 2, 3, 1),
(124, 'm185ccab81019a39cba16f666f070bb83', 277, 600, 20, 3, 3, 1),
(125, 'm185ccab81019a39cba16f666f070bb83', 277, 300, 30, 2, 3, 1),
(126, 'm185ccab81019a39cba16f666f070bb83', 277, 300, 30, 3, 3, 1),
(127, 'm185ccab81019a39cba16f666f070bb83', 277, 600, 30, 2, 3, 1),
(128, 'm185ccab81019a39cba16f666f070bb83', 277, 600, 30, 3, 3, 1),
(129, 'm185ccab81019a39cba16f666f070bb83', 277, 300, 40, 2, 3, 1),
(130, 'm185ccab81019a39cba16f666f070bb83', 277, 300, 40, 3, 3, 1),
(131, 'm185ccab81019a39cba16f666f070bb83', 277, 600, 40, 2, 3, 1),
(132, 'm185ccab81019a39cba16f666f070bb83', 277, 600, 40, 3, 3, 1),
(133, 'm185ccab81019a39cba16f666f070bb83', 279, 300, 20, 2, 3, 1),
(134, 'm185ccab81019a39cba16f666f070bb83', 279, 300, 20, 3, 3, 1),
(135, 'm185ccab81019a39cba16f666f070bb83', 279, 600, 20, 2, 3, 1),
(136, 'm185ccab81019a39cba16f666f070bb83', 279, 600, 20, 3, 3, 1),
(137, 'm185ccab81019a39cba16f666f070bb83', 279, 300, 30, 2, 3, 1),
(138, 'm185ccab81019a39cba16f666f070bb83', 279, 300, 30, 3, 3, 1),
(139, 'm185ccab81019a39cba16f666f070bb83', 279, 600, 30, 2, 3, 1),
(140, 'm185ccab81019a39cba16f666f070bb83', 279, 600, 30, 3, 3, 1),
(141, 'm185ccab81019a39cba16f666f070bb83', 279, 300, 40, 2, 3, 1),
(142, 'm185ccab81019a39cba16f666f070bb83', 279, 300, 40, 3, 3, 1),
(143, 'm185ccab81019a39cba16f666f070bb83', 279, 600, 40, 2, 3, 1),
(144, 'm185ccab81019a39cba16f666f070bb83', 279, 600, 40, 3, 3, 1),
(145, 'm1b414f0be20777c30e0423f441b09db8', 275, 600, 30, 2, 3, 1),
(146, 'm1b414f0be20777c30e0423f441b09db8', 275, 600, 30, 3, 3, 1),
(147, 'm1b414f0be20777c30e0423f441b09db8', 275, 600, 40, 2, 3, 1),
(148, 'm1b414f0be20777c30e0423f441b09db8', 275, 600, 40, 3, 3, 1),
(149, 'm1b414f0be20777c30e0423f441b09db8', 304, 600, 30, 2, 3, 1),
(150, 'm1b414f0be20777c30e0423f441b09db8', 304, 600, 30, 3, 3, 1),
(151, 'm1b414f0be20777c30e0423f441b09db8', 304, 600, 40, 2, 3, 1),
(152, 'm1b414f0be20777c30e0423f441b09db8', 304, 600, 40, 3, 3, 1),
(153, 'm1b414f0be20777c30e0423f441b09db8', 282, 600, 30, 2, 3, 1),
(154, 'm1b414f0be20777c30e0423f441b09db8', 282, 600, 30, 3, 3, 1),
(155, 'm1b414f0be20777c30e0423f441b09db8', 282, 600, 40, 2, 3, 1),
(156, 'm1b414f0be20777c30e0423f441b09db8', 282, 600, 40, 3, 3, 1),
(157, 'm1b414f0be20777c30e0423f441b09db8', 285, 600, 30, 2, 3, 1),
(158, 'm1b414f0be20777c30e0423f441b09db8', 285, 600, 30, 3, 3, 1),
(159, 'm1b414f0be20777c30e0423f441b09db8', 285, 600, 40, 2, 3, 1),
(160, 'm1b414f0be20777c30e0423f441b09db8', 285, 600, 40, 3, 3, 1),
(161, 'm8456fba48ba8c14bdd683e92c7414dc8', 275, 1000, 51, 4, 3, 1),
(162, 'm8456fba48ba8c14bdd683e92c7414dc8', 275, 1000, 51, 5, 3, 1),
(163, 'm8456fba48ba8c14bdd683e92c7414dc8', 275, 1000, 51, 4, 4, 1),
(164, 'm8456fba48ba8c14bdd683e92c7414dc8', 275, 1000, 51, 5, 4, 1),
(165, 'm8456fba48ba8c14bdd683e92c7414dc8', 304, 1000, 51, 4, 3, 1),
(166, 'm8456fba48ba8c14bdd683e92c7414dc8', 304, 1000, 51, 5, 3, 1),
(167, 'm8456fba48ba8c14bdd683e92c7414dc8', 304, 1000, 51, 4, 4, 1),
(168, 'm8456fba48ba8c14bdd683e92c7414dc8', 304, 1000, 51, 5, 4, 1),
(169, 'mc741ce94208d215dc1a80e40c5456cf1', 275, 600, 40, 3, 3, 1),
(170, 'mc741ce94208d215dc1a80e40c5456cf1', 275, 600, 40, 4, 3, 1),
(171, 'mc741ce94208d215dc1a80e40c5456cf1', 275, 1000, 40, 3, 3, 1),
(172, 'mc741ce94208d215dc1a80e40c5456cf1', 275, 1000, 40, 4, 3, 1),
(173, 'mc741ce94208d215dc1a80e40c5456cf1', 287, 600, 40, 3, 3, 1),
(174, 'mc741ce94208d215dc1a80e40c5456cf1', 287, 600, 40, 4, 3, 1),
(175, 'mc741ce94208d215dc1a80e40c5456cf1', 287, 1000, 40, 3, 3, 1),
(176, 'mc741ce94208d215dc1a80e40c5456cf1', 287, 1000, 40, 4, 3, 1),
(177, 'mc741ce94208d215dc1a80e40c5456cf1', 283, 600, 40, 3, 3, 1),
(178, 'mc741ce94208d215dc1a80e40c5456cf1', 283, 600, 40, 4, 3, 1),
(179, 'mc741ce94208d215dc1a80e40c5456cf1', 283, 1000, 40, 3, 3, 1),
(180, 'mc741ce94208d215dc1a80e40c5456cf1', 283, 1000, 40, 4, 3, 1),
(181, 'mc741ce94208d215dc1a80e40c5456cf1', 286, 600, 40, 3, 3, 1),
(182, 'mc741ce94208d215dc1a80e40c5456cf1', 286, 600, 40, 4, 3, 1),
(183, 'mc741ce94208d215dc1a80e40c5456cf1', 286, 1000, 40, 3, 3, 1),
(184, 'mc741ce94208d215dc1a80e40c5456cf1', 286, 1000, 40, 4, 3, 1),
(185, 'mc741ce94208d215dc1a80e40c5456cf1', 304, 600, 40, 3, 3, 1),
(186, 'mc741ce94208d215dc1a80e40c5456cf1', 304, 600, 40, 4, 3, 1),
(187, 'mc741ce94208d215dc1a80e40c5456cf1', 304, 1000, 40, 3, 3, 1),
(188, 'mc741ce94208d215dc1a80e40c5456cf1', 304, 1000, 40, 4, 3, 1),
(189, 'mf82803bf01099c75ac76e774d685b2dc', 275, 1000, 30, 2, 3, 1),
(190, 'mf82803bf01099c75ac76e774d685b2dc', 275, 1000, 30, 3, 3, 1),
(191, 'mf82803bf01099c75ac76e774d685b2dc', 275, 1000, 30, 4, 3, 1),
(192, 'mf82803bf01099c75ac76e774d685b2dc', 275, 1000, 40, 2, 3, 1),
(193, 'mf82803bf01099c75ac76e774d685b2dc', 275, 1000, 40, 3, 3, 1),
(194, 'mf82803bf01099c75ac76e774d685b2dc', 275, 1000, 40, 4, 3, 1),
(195, 'mf82803bf01099c75ac76e774d685b2dc', 276, 1000, 30, 2, 3, 1),
(196, 'mf82803bf01099c75ac76e774d685b2dc', 276, 1000, 30, 3, 3, 1),
(197, 'mf82803bf01099c75ac76e774d685b2dc', 276, 1000, 30, 4, 3, 1),
(198, 'mf82803bf01099c75ac76e774d685b2dc', 276, 1000, 40, 2, 3, 1),
(199, 'mf82803bf01099c75ac76e774d685b2dc', 276, 1000, 40, 3, 3, 1),
(200, 'mf82803bf01099c75ac76e774d685b2dc', 276, 1000, 40, 4, 3, 1),
(201, 'mf82803bf01099c75ac76e774d685b2dc', 278, 1000, 30, 2, 3, 1),
(202, 'mf82803bf01099c75ac76e774d685b2dc', 278, 1000, 30, 3, 3, 1),
(203, 'mf82803bf01099c75ac76e774d685b2dc', 278, 1000, 30, 4, 3, 1),
(204, 'mf82803bf01099c75ac76e774d685b2dc', 278, 1000, 40, 2, 3, 1),
(205, 'mf82803bf01099c75ac76e774d685b2dc', 278, 1000, 40, 3, 3, 1),
(206, 'mf82803bf01099c75ac76e774d685b2dc', 278, 1000, 40, 4, 3, 1),
(207, 'mf82803bf01099c75ac76e774d685b2dc', 283, 1000, 30, 2, 3, 1),
(208, 'mf82803bf01099c75ac76e774d685b2dc', 283, 1000, 30, 3, 3, 1),
(209, 'mf82803bf01099c75ac76e774d685b2dc', 283, 1000, 30, 4, 3, 1),
(210, 'mf82803bf01099c75ac76e774d685b2dc', 283, 1000, 40, 2, 3, 1),
(211, 'mf82803bf01099c75ac76e774d685b2dc', 283, 1000, 40, 3, 3, 1),
(212, 'mf82803bf01099c75ac76e774d685b2dc', 283, 1000, 40, 4, 3, 1),
(213, 'mf82803bf01099c75ac76e774d685b2dc', 277, 1000, 30, 2, 3, 1),
(214, 'mf82803bf01099c75ac76e774d685b2dc', 277, 1000, 30, 3, 3, 1),
(215, 'mf82803bf01099c75ac76e774d685b2dc', 277, 1000, 30, 4, 3, 1),
(216, 'mf82803bf01099c75ac76e774d685b2dc', 277, 1000, 40, 2, 3, 1),
(217, 'mf82803bf01099c75ac76e774d685b2dc', 277, 1000, 40, 3, 3, 1),
(218, 'mf82803bf01099c75ac76e774d685b2dc', 277, 1000, 40, 4, 3, 1),
(219, 'm9e3954249a75ceccc925c5b11a9ab97', 275, 600, 40, 3, 3, 1),
(220, 'm9e3954249a75ceccc925c5b11a9ab97', 275, 1000, 40, 3, 3, 1),
(221, 'm9e3954249a75ceccc925c5b11a9ab97', 284, 600, 40, 3, 3, 1),
(222, 'm9e3954249a75ceccc925c5b11a9ab97', 284, 1000, 40, 3, 3, 1),
(223, 'm9e3954249a75ceccc925c5b11a9ab97', 299, 600, 40, 3, 3, 1),
(224, 'm9e3954249a75ceccc925c5b11a9ab97', 299, 1000, 40, 3, 3, 1),
(225, 'm199cdc39ee6e65811960a187ccf1fcb9', 275, 600, 30, 3, 1, 1),
(226, 'm199cdc39ee6e65811960a187ccf1fcb9', 275, 600, 30, 3, 3, 1),
(227, 'm199cdc39ee6e65811960a187ccf1fcb9', 275, 600, 30, 3, 4, 1),
(228, 'm199cdc39ee6e65811960a187ccf1fcb9', 275, 1500, 30, 3, 1, 1),
(229, 'm199cdc39ee6e65811960a187ccf1fcb9', 275, 1500, 30, 3, 3, 1),
(230, 'm199cdc39ee6e65811960a187ccf1fcb9', 275, 1500, 30, 3, 4, 1),
(231, 'm199cdc39ee6e65811960a187ccf1fcb9', 275, 600, 40, 3, 1, 1),
(232, 'm199cdc39ee6e65811960a187ccf1fcb9', 275, 600, 40, 3, 3, 1),
(233, 'm199cdc39ee6e65811960a187ccf1fcb9', 275, 600, 40, 3, 4, 1),
(234, 'm199cdc39ee6e65811960a187ccf1fcb9', 275, 1500, 40, 3, 1, 1),
(235, 'm199cdc39ee6e65811960a187ccf1fcb9', 275, 1500, 40, 3, 3, 1),
(236, 'm199cdc39ee6e65811960a187ccf1fcb9', 275, 1500, 40, 3, 4, 1),
(237, 'm199cdc39ee6e65811960a187ccf1fcb9', 304, 600, 30, 3, 1, 1),
(238, 'm199cdc39ee6e65811960a187ccf1fcb9', 304, 600, 30, 3, 3, 1),
(239, 'm199cdc39ee6e65811960a187ccf1fcb9', 304, 600, 30, 3, 4, 1),
(240, 'm199cdc39ee6e65811960a187ccf1fcb9', 304, 1500, 30, 3, 1, 1),
(241, 'm199cdc39ee6e65811960a187ccf1fcb9', 304, 1500, 30, 3, 3, 1),
(242, 'm199cdc39ee6e65811960a187ccf1fcb9', 304, 1500, 30, 3, 4, 1),
(243, 'm199cdc39ee6e65811960a187ccf1fcb9', 304, 600, 40, 3, 1, 1),
(244, 'm199cdc39ee6e65811960a187ccf1fcb9', 304, 600, 40, 3, 3, 1),
(245, 'm199cdc39ee6e65811960a187ccf1fcb9', 304, 600, 40, 3, 4, 1),
(246, 'm199cdc39ee6e65811960a187ccf1fcb9', 304, 1500, 40, 3, 1, 1),
(247, 'm199cdc39ee6e65811960a187ccf1fcb9', 304, 1500, 40, 3, 3, 1),
(248, 'm199cdc39ee6e65811960a187ccf1fcb9', 304, 1500, 40, 3, 4, 1),
(249, 'm199cdc39ee6e65811960a187ccf1fcb9', 310, 600, 30, 3, 1, 1),
(250, 'm199cdc39ee6e65811960a187ccf1fcb9', 310, 600, 30, 3, 3, 1),
(251, 'm199cdc39ee6e65811960a187ccf1fcb9', 310, 600, 30, 3, 4, 1),
(252, 'm199cdc39ee6e65811960a187ccf1fcb9', 310, 1500, 30, 3, 1, 1),
(253, 'm199cdc39ee6e65811960a187ccf1fcb9', 310, 1500, 30, 3, 3, 1),
(254, 'm199cdc39ee6e65811960a187ccf1fcb9', 310, 1500, 30, 3, 4, 1),
(255, 'm199cdc39ee6e65811960a187ccf1fcb9', 310, 600, 40, 3, 1, 1),
(256, 'm199cdc39ee6e65811960a187ccf1fcb9', 310, 600, 40, 3, 3, 1),
(257, 'm199cdc39ee6e65811960a187ccf1fcb9', 310, 600, 40, 3, 4, 1),
(258, 'm199cdc39ee6e65811960a187ccf1fcb9', 310, 1500, 40, 3, 1, 1),
(259, 'm199cdc39ee6e65811960a187ccf1fcb9', 310, 1500, 40, 3, 3, 1),
(260, 'm199cdc39ee6e65811960a187ccf1fcb9', 310, 1500, 40, 3, 4, 1),
(261, 'm199cdc39ee6e65811960a187ccf1fcb9', 278, 600, 30, 3, 1, 1),
(262, 'm199cdc39ee6e65811960a187ccf1fcb9', 278, 600, 30, 3, 3, 1),
(263, 'm199cdc39ee6e65811960a187ccf1fcb9', 278, 600, 30, 3, 4, 1),
(264, 'm199cdc39ee6e65811960a187ccf1fcb9', 278, 1500, 30, 3, 1, 1),
(265, 'm199cdc39ee6e65811960a187ccf1fcb9', 278, 1500, 30, 3, 3, 1),
(266, 'm199cdc39ee6e65811960a187ccf1fcb9', 278, 1500, 30, 3, 4, 1),
(267, 'm199cdc39ee6e65811960a187ccf1fcb9', 278, 600, 40, 3, 1, 1),
(268, 'm199cdc39ee6e65811960a187ccf1fcb9', 278, 600, 40, 3, 3, 1),
(269, 'm199cdc39ee6e65811960a187ccf1fcb9', 278, 600, 40, 3, 4, 1),
(270, 'm199cdc39ee6e65811960a187ccf1fcb9', 278, 1500, 40, 3, 1, 1),
(271, 'm199cdc39ee6e65811960a187ccf1fcb9', 278, 1500, 40, 3, 3, 1),
(272, 'm199cdc39ee6e65811960a187ccf1fcb9', 278, 1500, 40, 3, 4, 1);

-- --------------------------------------------------------

--
-- 資料表結構 `ex_record_items`
--

CREATE TABLE `ex_record_items` (
  `id` bigint(20) UNSIGNED NOT NULL,
  `user_id` bigint(20) UNSIGNED NOT NULL COMMENT 'ex_user.id',
  `record_id` bigint(20) UNSIGNED NOT NULL COMMENT 'ex_record.id',
  `main_id` bigint(20) UNSIGNED NOT NULL COMMENT 'ex_main.id',
  `times` int(10) UNSIGNED NOT NULL COMMENT '次數',
  `last_time` timestamp NOT NULL DEFAULT CURRENT_TIMESTAMP COMMENT '上次時間'
) ENGINE=MyISAM DEFAULT CHARSET=utf8 COMMENT='搜尋物件';

--
-- 資料表的匯出資料 `ex_record_items`
--

INSERT INTO `ex_record_items` (`id`, `user_id`, `record_id`, `main_id`, `times`, `last_time`) VALUES
(1, 2, 3, 1, 16, '2018-12-26 12:58:25'),
(2, 2, 3, 2, 8, '2018-12-26 12:58:25'),
(3, 2, 3, 3, 8, '2018-12-26 12:58:25');

-- --------------------------------------------------------

--
-- 資料表結構 `ex_record_items_stay`
--

CREATE TABLE `ex_record_items_stay` (
  `id` bigint(20) NOT NULL,
  `record_items_id` bigint(20) NOT NULL COMMENT 'ex_record_items.id',
  `stay_time` int(11) NOT NULL COMMENT '停留時間'
) ENGINE=MyISAM DEFAULT CHARSET=utf8 COMMENT='搜尋物件停留時間';

--
-- 資料表的匯出資料 `ex_record_items_stay`
--

INSERT INTO `ex_record_items_stay` (`id`, `record_items_id`, `stay_time`) VALUES
(1, 1, 10),
(2, 2, 10),
(3, 3, 10),
(4, 1, 20),
(5, 2, 20),
(6, 3, 20);

-- --------------------------------------------------------

--
-- 資料表結構 `ex_source`
--

CREATE TABLE `ex_source` (
  `id` int(10) UNSIGNED NOT NULL,
  `name` varchar(20) NOT NULL,
  `sort` tinyint(3) UNSIGNED NOT NULL DEFAULT '0'
) ENGINE=MyISAM DEFAULT CHARSET=utf8 COMMENT='資料來源';

--
-- 資料表的匯出資料 `ex_source`
--

INSERT INTO `ex_source` (`id`, `name`, `sort`) VALUES
(1, '591 中古屋', 0),
(2, '591 新屋', 0);

-- --------------------------------------------------------

--
-- 資料表結構 `ex_stauts`
--

CREATE TABLE `ex_stauts` (
  `id` int(11) UNSIGNED NOT NULL,
  `name` varchar(50) CHARACTER SET utf8 COLLATE utf8_german2_ci NOT NULL,
  `sort` int(11) UNSIGNED NOT NULL DEFAULT '0'
) ENGINE=MyISAM DEFAULT CHARSET=utf8 COMMENT='狀態';

--
-- 資料表的匯出資料 `ex_stauts`
--

INSERT INTO `ex_stauts` (`id`, `name`, `sort`) VALUES
(1, '預售屋', 0),
(2, '毛胚屋', 0),
(3, '新成屋', 0),
(4, '中古屋', 0),
(5, '實品屋', 0);

-- --------------------------------------------------------

--
-- 資料表結構 `ex_type`
--

CREATE TABLE `ex_type` (
  `id` int(11) UNSIGNED NOT NULL,
  `name` varchar(50) NOT NULL,
  `sort` int(11) UNSIGNED NOT NULL DEFAULT '0'
) ENGINE=MyISAM DEFAULT CHARSET=utf8 COMMENT='房屋型態';

--
-- 資料表的匯出資料 `ex_type`
--

INSERT INTO `ex_type` (`id`, `name`, `sort`) VALUES
(1, '公寓', 0),
(2, '華廈', 0),
(3, '電梯大樓', 0),
(4, '透天', 0),
(5, '別墅', 0),
(6, '獨棟', 0),
(7, '雙併', 0),
(8, '連棟', 0),
(9, '樓中樓', 0),
(10, '套房', 0);

-- --------------------------------------------------------

--
-- 資料表結構 `ex_user`
--

CREATE TABLE `ex_user` (
  `id` bigint(11) UNSIGNED NOT NULL,
  `unid` char(33) NOT NULL,
  `name` varchar(50) NOT NULL COMMENT '姓名',
  `email` varchar(255) NOT NULL COMMENT '信箱',
  `pwd` char(32) NOT NULL COMMENT '密碼',
  `age` tinyint(3) UNSIGNED NOT NULL COMMENT '年齡區間',
  `sex` char(1) NOT NULL COMMENT '性別:M:男;W:女',
  `area_id` int(11) UNSIGNED NOT NULL COMMENT '區域',
  `add_date` datetime NOT NULL COMMENT '加入時間',
  `login_time` datetime NOT NULL COMMENT '登入時間',
  `logout_time` datetime NOT NULL COMMENT '登出時間'
) ENGINE=MyISAM DEFAULT CHARSET=utf8;

--
-- 資料表的匯出資料 `ex_user`
--

INSERT INTO `ex_user` (`id`, `unid`, `name`, `email`, `pwd`, `age`, `sex`, `area_id`, `add_date`, `login_time`, `logout_time`) VALUES
(1, 'm185ccab81019a39cba16f666f070bb83', '張小姐', 'jellyandjar@yahoo.com.tw', '9fab6755cd2e8817d3e73b0978ca54a6', 35, 'W', 282, '2018-12-30 10:22:00', '2018-12-30 10:22:00', '0000-00-00 00:00:00'),
(2, 'm1b414f0be20777c30e0423f441b09db8', '郭先生', 'jellyandjar@yahoo.com.tw', '9fab6755cd2e8817d3e73b0978ca54a6', 25, 'M', 304, '2018-12-30 10:22:00', '2018-12-30 10:22:00', '0000-00-00 00:00:00'),
(3, 'm8456fba48ba8c14bdd683e92c7414dc8', '劉先生', 'jellyandjar@yahoo.com.tw', '9fab6755cd2e8817d3e73b0978ca54a6', 35, 'M', 304, '2018-12-30 10:22:00', '2018-12-30 10:22:00', '0000-00-00 00:00:00'),
(4, 'mc741ce94208d215dc1a80e40c5456cf1', '陳先生', 'jellyandjar@yahoo.com.tw', '9fab6755cd2e8817d3e73b0978ca54a6', 30, 'M', 282, '2018-12-30 10:22:00', '2018-12-30 10:22:00', '0000-00-00 00:00:00'),
(5, 'mf82803bf01099c75ac76e774d685b2dc', '潘先生', 'jellyandjar@yahoo.com.tw', '9fab6755cd2e8817d3e73b0978ca54a6', 25, 'M', 276, '2018-12-30 10:22:00', '2018-12-30 10:22:00', '0000-00-00 00:00:00'),
(6, 'm9e3954249a75ceccc925c5b11a9ab970', '張小姐', 'jellyandjar@yahoo.com.tw', '9fab6755cd2e8817d3e73b0978ca54a6', 30, 'W', 284, '2018-12-30 10:22:00', '2018-12-30 10:22:00', '0000-00-00 00:00:00'),
(7, 'm199cdc39ee6e65811960a187ccf1fcb9', '鍾先生', 'jellyandjar@yahoo.com.tw', '9fab6755cd2e8817d3e73b0978ca54a6', 30, 'M', 304, '2018-12-30 10:22:00', '2018-12-30 10:22:00', '0000-00-00 00:00:00');

--
-- 已匯出資料表的索引
--

--
-- 資料表索引 `ex_area`
--
ALTER TABLE `ex_area`
  ADD PRIMARY KEY (`id`),
  ADD KEY `name` (`name`);

--
-- 資料表索引 `ex_around`
--
ALTER TABLE `ex_around`
  ADD PRIMARY KEY (`id`),
  ADD UNIQUE KEY `name` (`name`);

--
-- 資料表索引 `ex_main`
--
ALTER TABLE `ex_main`
  ADD PRIMARY KEY (`id`),
  ADD UNIQUE KEY `unid` (`unid`),
  ADD KEY `source` (`source`,`number`,`city`);

--
-- 資料表索引 `ex_record`
--
ALTER TABLE `ex_record`
  ADD PRIMARY KEY (`id`),
  ADD UNIQUE KEY `user_id` (`user_unid`,`area`,`price`,`ping`,`style`,`type`) USING BTREE;

--
-- 資料表索引 `ex_record_items`
--
ALTER TABLE `ex_record_items`
  ADD PRIMARY KEY (`id`);

--
-- 資料表索引 `ex_record_items_stay`
--
ALTER TABLE `ex_record_items_stay`
  ADD PRIMARY KEY (`id`),
  ADD UNIQUE KEY `record_items_id` (`record_items_id`,`stay_time`) USING BTREE;

--
-- 資料表索引 `ex_source`
--
ALTER TABLE `ex_source`
  ADD PRIMARY KEY (`id`),
  ADD UNIQUE KEY `name` (`name`);

--
-- 資料表索引 `ex_stauts`
--
ALTER TABLE `ex_stauts`
  ADD PRIMARY KEY (`id`),
  ADD UNIQUE KEY `name` (`name`);

--
-- 資料表索引 `ex_type`
--
ALTER TABLE `ex_type`
  ADD PRIMARY KEY (`id`),
  ADD UNIQUE KEY `name` (`name`);

--
-- 資料表索引 `ex_user`
--
ALTER TABLE `ex_user`
  ADD PRIMARY KEY (`id`),
  ADD UNIQUE KEY `email` (`unid`,`email`) USING BTREE;

--
-- 在匯出的資料表使用 AUTO_INCREMENT
--

--
-- 使用資料表 AUTO_INCREMENT `ex_area`
--
ALTER TABLE `ex_area`
  MODIFY `id` int(10) UNSIGNED NOT NULL AUTO_INCREMENT, AUTO_INCREMENT=398;

--
-- 使用資料表 AUTO_INCREMENT `ex_around`
--
ALTER TABLE `ex_around`
  MODIFY `id` int(11) UNSIGNED NOT NULL AUTO_INCREMENT, AUTO_INCREMENT=12;

--
-- 使用資料表 AUTO_INCREMENT `ex_main`
--
ALTER TABLE `ex_main`
  MODIFY `id` bigint(20) UNSIGNED NOT NULL AUTO_INCREMENT COMMENT '序號', AUTO_INCREMENT=20;

--
-- 使用資料表 AUTO_INCREMENT `ex_record`
--
ALTER TABLE `ex_record`
  MODIFY `id` bigint(20) UNSIGNED NOT NULL AUTO_INCREMENT, AUTO_INCREMENT=273;

--
-- 使用資料表 AUTO_INCREMENT `ex_record_items`
--
ALTER TABLE `ex_record_items`
  MODIFY `id` bigint(20) UNSIGNED NOT NULL AUTO_INCREMENT, AUTO_INCREMENT=4;

--
-- 使用資料表 AUTO_INCREMENT `ex_record_items_stay`
--
ALTER TABLE `ex_record_items_stay`
  MODIFY `id` bigint(20) NOT NULL AUTO_INCREMENT, AUTO_INCREMENT=7;

--
-- 使用資料表 AUTO_INCREMENT `ex_source`
--
ALTER TABLE `ex_source`
  MODIFY `id` int(10) UNSIGNED NOT NULL AUTO_INCREMENT, AUTO_INCREMENT=3;

--
-- 使用資料表 AUTO_INCREMENT `ex_stauts`
--
ALTER TABLE `ex_stauts`
  MODIFY `id` int(11) UNSIGNED NOT NULL AUTO_INCREMENT, AUTO_INCREMENT=6;

--
-- 使用資料表 AUTO_INCREMENT `ex_type`
--
ALTER TABLE `ex_type`
  MODIFY `id` int(11) UNSIGNED NOT NULL AUTO_INCREMENT, AUTO_INCREMENT=11;

--
-- 使用資料表 AUTO_INCREMENT `ex_user`
--
ALTER TABLE `ex_user`
  MODIFY `id` bigint(11) UNSIGNED NOT NULL AUTO_INCREMENT, AUTO_INCREMENT=8;
COMMIT;

/*!40101 SET CHARACTER_SET_CLIENT=@OLD_CHARACTER_SET_CLIENT */;
/*!40101 SET CHARACTER_SET_RESULTS=@OLD_CHARACTER_SET_RESULTS */;
/*!40101 SET COLLATION_CONNECTION=@OLD_COLLATION_CONNECTION */;
